zaman,hiz,hiz_setpoint,heading,yon_setpoint,thrust_sol,thrust_sag
2026-07-20T09:00:00.000+00:00,0.028,,1.4254,,,
2026-07-20T09:00:00.100+00:00,0.055,,1.4322,,,
2026-07-20T09:00:00.200+00:00,0.007,,1.4103,,,
2026-07-20T09:00:00.300+00:00,0.014,,1.4288,,,
2026-07-20T09:00:00.400+00:00,0.000,,1.4265,,,
2026-07-20T09:00:00.500+00:00,0.015,,1.4320,,,
2026-07-20T09:00:00.600+00:00,0.013,,1.4214,,,
2026-07-20T09:00:00.700+00:00,0.000,,1.4203,,,
2026-07-20T09:00:00.800+00:00,0.000,,1.4141,,,
2026-07-20T09:00:00.900+00:00,0.000,,1.4125,,,
2026-07-20T09:00:01.000+00:00,0.000,,1.3968,,,
2026-07-20T09:00:01.100+00:00,0.000,,1.4026,,,
2026-07-20T09:00:01.200+00:00,0.000,,1.3819,,,
2026-07-20T09:00:01.300+00:00,0.016,,1.3844,,,
2026-07-20T09:00:01.400+00:00,0.027,,1.3782,,,
2026-07-20T09:00:01.500+00:00,0.022,,1.3891,,,
2026-07-20T09:00:01.600+00:00,0.024,,1.3628,,,
2026-07-20T09:00:01.700+00:00,0.065,,1.3708,,,
2026-07-20T09:00:01.800+00:00,0.037,,1.3639,,,
2026-07-20T09:00:01.900+00:00,0.066,,1.3585,,,
2026-07-20T09:00:02.000+00:00,0.064,,1.3743,,,
2026-07-20T09:00:02.100+00:00,0.057,,1.3653,,,
2026-07-20T09:00:02.200+00:00,0.051,,1.3765,,,
2026-07-20T09:00:02.300+00:00,0.044,,1.3884,,,
2026-07-20T09:00:02.400+00:00,0.033,,1.3927,,,
2026-07-20T09:00:02.500+00:00,0.033,,1.3957,,,
2026-07-20T09:00:02.600+00:00,0.007,,1.3869,,,
2026-07-20T09:00:02.700+00:00,0.000,,1.4019,,,
2026-07-20T09:00:02.800+00:00,0.021,,1.4095,,,
2026-07-20T09:00:02.900+00:00,0.006,,1.4097,,,
2026-07-20T09:00:03.000+00:00,0.000,,1.4069,,,
2026-07-20T09:00:03.100+00:00,0.000,,1.4263,,,
2026-07-20T09:00:03.200+00:00,0.001,,1.4331,,,
2026-07-20T09:00:03.300+00:00,0.000,,1.4246,,,
2026-07-20T09:00:03.400+00:00,0.000,,1.4346,,,
2026-07-20T09:00:03.500+00:00,0.000,,1.4140,,,
2026-07-20T09:00:03.600+00:00,0.026,,1.4140,,,
2026-07-20T09:00:03.700+00:00,0.039,,1.4190,,,
2026-07-20T09:00:03.800+00:00,0.039,,1.4088,,,
2026-07-20T09:00:03.900+00:00,0.039,,1.4121,,,
2026-07-20T09:00:04.000+00:00,0.039,,1.4044,,,
2026-07-20T09:00:04.100+00:00,0.047,,1.3907,,,
2026-07-20T09:00:04.200+00:00,0.063,,1.3770,,,
2026-07-20T09:00:04.300+00:00,0.053,,1.3774,,,
2026-07-20T09:00:04.400+00:00,0.057,,1.3803,,,
2026-07-20T09:00:04.500+00:00,0.040,,1.3773,,,
2026-07-20T09:00:04.600+00:00,0.032,,1.3644,,,
2026-07-20T09:00:04.700+00:00,0.000,,1.3511,,,
2026-07-20T09:00:04.800+00:00,0.000,,1.3533,,,
2026-07-20T09:00:04.900+00:00,0.000,,1.3688,,,
2026-07-20T09:00:05.000+00:00,0.019,,1.3637,,,
2026-07-20T09:00:05.100+00:00,0.003,,1.3669,,,
2026-07-20T09:00:05.200+00:00,0.000,,1.3659,,,
2026-07-20T09:00:05.300+00:00,0.000,,1.3708,,,
2026-07-20T09:00:05.400+00:00,0.000,,1.3922,,,
2026-07-20T09:00:05.500+00:00,0.000,,1.3950,,,
2026-07-20T09:00:05.600+00:00,0.000,,1.3925,,,
2026-07-20T09:00:05.700+00:00,0.000,,1.4047,,,
2026-07-20T09:00:05.800+00:00,0.015,,1.4122,,,
2026-07-20T09:00:05.900+00:00,0.020,,1.4297,,,
2026-07-20T09:00:06.000+00:00,0.037,,1.4114,,,
2026-07-20T09:00:06.100+00:00,0.066,,1.4259,,,
2026-07-20T09:00:06.200+00:00,0.055,,1.4337,,,
2026-07-20T09:00:06.300+00:00,0.033,,1.4404,,,
2026-07-20T09:00:06.400+00:00,0.039,,1.4218,,,
2026-07-20T09:00:06.500+00:00,0.030,,1.4225,,,
2026-07-20T09:00:06.600+00:00,0.046,,1.4286,,,
2026-07-20T09:00:06.700+00:00,0.026,,1.4063,,,
2026-07-20T09:00:06.800+00:00,0.050,,1.4170,,,
2026-07-20T09:00:06.900+00:00,0.077,,1.4260,,,
2026-07-20T09:00:07.000+00:00,0.000,,1.4059,,,
2026-07-20T09:00:07.100+00:00,0.012,,1.3772,,,
2026-07-20T09:00:07.200+00:00,0.000,,1.3823,,,
2026-07-20T09:00:07.300+00:00,0.000,,1.3779,,,
2026-07-20T09:00:07.400+00:00,0.000,,1.3869,,,
2026-07-20T09:00:07.500+00:00,0.000,,1.3714,,,
2026-07-20T09:00:07.600+00:00,0.000,,1.3544,,,
2026-07-20T09:00:07.700+00:00,0.020,,1.3659,,,
2026-07-20T09:00:07.800+00:00,0.013,,1.3662,,,
2026-07-20T09:00:07.900+00:00,0.000,,1.3607,,,
2026-07-20T09:00:08.000+00:00,0.000,,1.3579,,,
2026-07-20T09:00:08.100+00:00,0.008,,1.3875,,0.3,-0.4
2026-07-20T09:00:08.200+00:00,0.039,,1.3808,,-0.1,-0.0
2026-07-20T09:00:08.300+00:00,0.049,,1.3718,,-0.2,-0.5
2026-07-20T09:00:08.400+00:00,0.051,,1.3719,,0.6,0.1
2026-07-20T09:00:08.500+00:00,0.058,,1.3882,,0.5,0.1
2026-07-20T09:00:08.600+00:00,0.074,,1.3921,,0.2,0.6
2026-07-20T09:00:08.700+00:00,0.033,,1.4038,,-0.5,0.7
2026-07-20T09:00:08.800+00:00,0.048,,1.4234,,-0.2,0.6
2026-07-20T09:00:08.900+00:00,0.030,,1.4044,,0.3,-0.2
2026-07-20T09:00:09.000+00:00,0.035,,1.4190,,0.1,0.6
2026-07-20T09:00:09.100+00:00,0.040,,1.4238,,-0.8,-0.0
2026-07-20T09:00:09.200+00:00,0.000,,1.4185,,-0.4,-0.1
2026-07-20T09:00:09.300+00:00,0.000,,1.4354,,0.0,-0.2
2026-07-20T09:00:09.400+00:00,0.018,,1.4247,,0.2,0.5
2026-07-20T09:00:09.500+00:00,0.000,,1.4251,,-0.1,0.1
2026-07-20T09:00:09.600+00:00,0.000,,1.4256,,0.0,0.1
2026-07-20T09:00:09.700+00:00,0.018,,1.4424,,-0.3,-0.1
2026-07-20T09:00:09.800+00:00,0.000,,1.4030,,0.1,0.5
2026-07-20T09:00:09.900+00:00,0.000,,1.4040,,-0.9,-0.1
2026-07-20T09:00:10.000+00:00,0.000,,1.3950,,-0.4,-0.0
2026-07-20T09:00:10.100+00:00,0.000,,1.3825,,0.9,-0.5
2026-07-20T09:00:10.200+00:00,0.043,,1.3817,,1.2,-0.5
2026-07-20T09:00:10.300+00:00,0.026,,1.3818,,0.7,-0.4
2026-07-20T09:00:10.400+00:00,0.044,,1.3771,,0.2,-0.2
2026-07-20T09:00:10.500+00:00,0.015,,1.3730,,-0.1,-0.1
2026-07-20T09:00:10.600+00:00,0.037,,1.3721,,0.2,0.4
2026-07-20T09:00:10.700+00:00,0.058,,1.3684,,0.0,0.0
2026-07-20T09:00:10.800+00:00,0.060,,1.3590,,-0.0,0.8
2026-07-20T09:00:10.900+00:00,0.061,,1.3786,,-0.3,-0.4
2026-07-20T09:00:11.000+00:00,0.057,,1.3762,,0.2,-0.7
2026-07-20T09:00:11.100+00:00,0.055,,1.3761,,-0.4,-0.2
2026-07-20T09:00:11.200+00:00,0.040,,1.3738,,-0.1,-0.0
2026-07-20T09:00:11.300+00:00,0.033,,1.3738,,0.6,-1.0
2026-07-20T09:00:11.400+00:00,0.024,,1.3793,,0.1,-0.1
2026-07-20T09:00:11.500+00:00,0.017,,1.3720,,0.7,-0.6
2026-07-20T09:00:11.600+00:00,0.000,,1.4013,,-0.0,-0.4
2026-07-20T09:00:11.700+00:00,0.017,,1.3973,,0.2,0.7
2026-07-20T09:00:11.800+00:00,0.000,,1.4168,,0.7,0.2
2026-07-20T09:00:11.900+00:00,0.000,,1.4197,,0.0,-0.3
2026-07-20T09:00:12.000+00:00,0.000,,1.4263,,0.3,-0.1
2026-07-20T09:00:12.100+00:00,0.001,,1.4321,,0.7,0.3
2026-07-20T09:00:12.200+00:00,0.000,,1.4114,,-0.5,-0.2
2026-07-20T09:00:12.300+00:00,0.011,,1.4402,,-0.3,-0.4
2026-07-20T09:00:12.400+00:00,0.000,,1.4280,,-0.3,0.1
2026-07-20T09:00:12.500+00:00,0.029,,1.4370,,-0.9,0.1
2026-07-20T09:00:12.600+00:00,0.035,,1.4256,,0.6,-0.8
2026-07-20T09:00:12.700+00:00,0.047,,1.4165,,-0.6,0.6
2026-07-20T09:00:12.800+00:00,0.060,,1.4205,,-0.2,0.3
2026-07-20T09:00:12.900+00:00,0.055,,1.4214,,0.1,0.1
2026-07-20T09:00:13.000+00:00,0.052,,1.3986,,-0.1,0.2
2026-07-20T09:00:13.100+00:00,0.036,,1.4085,,-0.1,0.6
2026-07-20T09:00:13.200+00:00,0.038,,1.3868,,0.1,0.3
2026-07-20T09:00:13.300+00:00,0.071,,1.3870,,0.3,0.3
2026-07-20T09:00:13.400+00:00,0.082,,1.3858,,-0.1,-0.8
2026-07-20T09:00:13.500+00:00,0.025,,1.3896,,0.0,0.5
2026-07-20T09:00:13.600+00:00,0.001,,1.3572,,-0.6,-0.3
2026-07-20T09:00:13.700+00:00,0.022,,1.3717,,0.1,-0.6
2026-07-20T09:00:13.800+00:00,0.005,,1.3455,,-0.2,0.2
2026-07-20T09:00:13.900+00:00,0.000,,1.3710,,0.3,0.1
2026-07-20T09:00:14.000+00:00,0.000,,1.3700,,-0.1,0.1
2026-07-20T09:00:14.100+00:00,0.000,,1.3744,,0.2,-0.1
2026-07-20T09:00:14.200+00:00,0.000,,1.3693,,-0.8,-0.5
2026-07-20T09:00:14.300+00:00,0.000,,1.3616,,-0.3,0.3
2026-07-20T09:00:14.400+00:00,0.000,,1.3771,,0.4,0.5
2026-07-20T09:00:14.500+00:00,0.022,,1.3849,,0.0,-0.3
2026-07-20T09:00:14.600+00:00,0.000,,1.3866,,-0.4,-0.1
2026-07-20T09:00:14.700+00:00,0.046,,1.4053,,-0.6,0.2
2026-07-20T09:00:14.800+00:00,0.034,,1.3956,,-0.1,-0.7
2026-07-20T09:00:14.900+00:00,0.025,,1.4188,,-0.2,-0.4
2026-07-20T09:00:15.000+00:00,0.051,,1.4105,,-0.1,0.1
2026-07-20T09:00:15.100+00:00,0.144,2.000,1.3889,0.7854,77.4,0.1
2026-07-20T09:00:15.200+00:00,0.134,2.000,1.3636,0.7851,79.8,3.0
2026-07-20T09:00:15.300+00:00,0.199,2.000,1.3205,0.7845,81.3,5.4
2026-07-20T09:00:15.400+00:00,0.228,2.000,1.2882,0.7837,80.5,2.2
2026-07-20T09:00:15.500+00:00,0.252,2.000,1.2552,0.7827,79.7,2.3
2026-07-20T09:00:15.600+00:00,0.207,2.000,1.2018,0.7815,78.0,2.8
2026-07-20T09:00:15.700+00:00,0.369,2.000,1.1752,0.7802,80.6,2.1
2026-07-20T09:00:15.800+00:00,0.307,2.000,1.1418,0.7788,78.9,3.4
2026-07-20T09:00:15.900+00:00,0.329,2.000,1.1041,0.7773,80.5,1.8
2026-07-20T09:00:16.000+00:00,0.452,2.000,1.0580,0.7758,79.6,5.0
2026-07-20T09:00:16.100+00:00,0.403,2.000,1.0199,0.7743,77.0,6.0
2026-07-20T09:00:16.200+00:00,0.424,2.000,0.9769,0.7728,72.4,11.5
2026-07-20T09:00:16.300+00:00,0.452,2.000,0.9611,0.7714,70.0,15.3
2026-07-20T09:00:16.400+00:00,0.507,2.000,0.9202,0.7700,65.7,18.2
2026-07-20T09:00:16.500+00:00,0.463,2.000,0.8798,0.7686,67.6,23.3
2026-07-20T09:00:16.600+00:00,0.510,2.000,0.8683,0.7673,60.8,24.9
2026-07-20T09:00:16.700+00:00,0.629,2.000,0.8761,0.7661,62.4,29.2
2026-07-20T09:00:16.800+00:00,0.658,2.000,0.8247,0.7649,62.2,31.3
2026-07-20T09:00:16.900+00:00,0.738,2.000,0.8315,0.7638,61.9,33.0
2026-07-20T09:00:17.000+00:00,0.842,2.000,0.8213,0.7627,59.1,34.9
2026-07-20T09:00:17.100+00:00,0.836,2.000,0.8166,0.7617,61.0,37.2
2026-07-20T09:00:17.200+00:00,0.903,2.000,0.8115,0.7607,58.7,41.0
2026-07-20T09:00:17.300+00:00,0.918,2.000,0.7916,0.7598,56.9,40.7
2026-07-20T09:00:17.400+00:00,1.022,2.000,0.7789,0.7590,55.7,42.3
2026-07-20T09:00:17.500+00:00,1.015,2.000,0.7710,0.7581,53.1,40.4
2026-07-20T09:00:17.600+00:00,1.073,2.000,0.7946,0.7574,53.6,41.5
2026-07-20T09:00:17.700+00:00,1.076,2.000,0.7956,0.7566,53.6,42.6
2026-07-20T09:00:17.800+00:00,1.158,2.000,0.7991,0.7559,52.0,44.2
2026-07-20T09:00:17.900+00:00,1.150,2.000,0.7971,0.7553,49.8,40.6
2026-07-20T09:00:18.000+00:00,1.150,2.000,0.7890,0.7547,49.8,42.3
2026-07-20T09:00:18.100+00:00,1.174,2.000,0.8019,0.7541,50.3,42.9
2026-07-20T09:00:18.200+00:00,1.197,2.000,0.8009,0.7535,49.5,42.6
2026-07-20T09:00:18.300+00:00,1.239,2.000,0.7897,0.7530,49.0,41.8
2026-07-20T09:00:18.400+00:00,1.216,2.000,0.8030,0.7525,50.3,44.9
2026-07-20T09:00:18.500+00:00,1.309,2.000,0.7971,0.7520,46.0,42.8
2026-07-20T09:00:18.600+00:00,1.293,2.000,0.7935,0.7515,50.1,47.4
2026-07-20T09:00:18.700+00:00,1.341,2.000,0.7815,0.7510,50.0,47.8
2026-07-20T09:00:18.800+00:00,1.424,2.000,0.7757,0.7506,52.4,44.7
2026-07-20T09:00:18.900+00:00,1.451,2.000,0.7690,0.7502,50.0,48.4
2026-07-20T09:00:19.000+00:00,1.458,2.000,0.7754,0.7498,51.5,47.3
2026-07-20T09:00:19.100+00:00,1.556,2.000,0.7770,0.7494,50.3,49.0
2026-07-20T09:00:19.200+00:00,1.652,2.000,0.7650,0.7490,49.1,49.3
2026-07-20T09:00:19.300+00:00,1.703,2.000,0.7418,0.7486,49.2,49.1
2026-07-20T09:00:19.400+00:00,1.702,2.000,0.7365,0.7482,51.4,48.7
2026-07-20T09:00:19.500+00:00,1.844,2.000,0.7316,0.7479,49.5,48.1
2026-07-20T09:00:19.600+00:00,1.810,2.000,0.7334,0.7475,49.9,46.9
2026-07-20T09:00:19.700+00:00,1.910,2.000,0.7227,0.7471,47.5,44.1
2026-07-20T09:00:19.800+00:00,1.973,2.000,0.7367,0.7468,47.6,44.1
2026-07-20T09:00:19.900+00:00,1.888,2.000,0.7176,0.7464,47.2,44.6
2026-07-20T09:00:20.000+00:00,1.923,2.000,0.7245,0.7460,45.2,46.4
2026-07-20T09:00:20.100+00:00,1.911,2.000,0.7377,0.7456,46.3,45.2
2026-07-20T09:00:20.200+00:00,1.760,2.000,0.6925,0.0218,72.2,-4.5
2026-07-20T09:00:20.300+00:00,1.732,2.000,0.6718,0.0199,74.6,-4.7
2026-07-20T09:00:20.400+00:00,1.678,2.000,0.6304,0.0182,72.4,-2.3
2026-07-20T09:00:20.500+00:00,1.595,2.000,0.6063,0.0166,72.4,-1.5
2026-07-20T09:00:20.600+00:00,1.547,2.000,0.5589,0.0151,75.5,-2.5
2026-07-20T09:00:20.700+00:00,1.539,2.000,0.5241,0.0137,76.1,-2.3
2026-07-20T09:00:20.800+00:00,1.508,2.000,0.5165,0.0123,77.1,0.4
2026-07-20T09:00:20.900+00:00,1.498,2.000,0.4883,0.0111,81.9,3.6
2026-07-20T09:00:21.000+00:00,1.478,2.000,0.4552,0.0100,81.0,4.8
2026-07-20T09:00:21.100+00:00,1.475,2.000,0.4329,0.0089,80.4,4.3
2026-07-20T09:00:21.200+00:00,1.562,2.000,0.3980,0.0079,81.0,5.0
2026-07-20T09:00:21.300+00:00,1.525,2.000,0.3620,0.0070,83.1,3.3
2026-07-20T09:00:21.400+00:00,1.536,2.000,0.3188,0.0062,79.5,5.1
2026-07-20T09:00:21.500+00:00,1.589,2.000,0.2838,0.0055,83.4,6.3
2026-07-20T09:00:21.600+00:00,1.628,2.000,0.2513,0.0048,78.9,9.9
2026-07-20T09:00:21.700+00:00,1.682,2.000,0.2231,0.0042,73.4,15.6
2026-07-20T09:00:21.800+00:00,1.717,2.000,0.2037,0.0037,68.8,18.1
2026-07-20T09:00:21.900+00:00,1.676,2.000,0.1765,0.0032,64.9,21.8
2026-07-20T09:00:22.000+00:00,1.704,2.000,0.1513,0.0027,63.9,25.0
2026-07-20T09:00:22.100+00:00,1.702,2.000,0.1121,0.0024,60.5,27.8
2026-07-20T09:00:22.200+00:00,1.791,2.000,0.1136,0.0020,58.4,26.9
2026-07-20T09:00:22.300+00:00,1.772,2.000,0.0958,0.0017,58.9,30.2
2026-07-20T09:00:22.400+00:00,1.776,2.000,0.0766,0.0014,58.0,33.6
2026-07-20T09:00:22.500+00:00,1.691,2.000,0.0442,0.0012,57.5,36.1
2026-07-20T09:00:22.600+00:00,1.702,2.000,0.0354,0.0009,55.9,37.8
2026-07-20T09:00:22.700+00:00,1.783,2.000,0.0479,0.0007,54.9,37.5
2026-07-20T09:00:22.800+00:00,1.754,2.000,0.0222,0.0006,53.9,42.7
2026-07-20T09:00:22.900+00:00,1.807,2.000,0.0296,0.0004,53.8,42.8
2026-07-20T09:00:23.000+00:00,1.789,2.000,0.0136,0.0003,56.2,43.9
2026-07-20T09:00:23.100+00:00,1.807,2.000,0.0104,0.0001,54.8,42.0
2026-07-20T09:00:23.200+00:00,1.782,2.000,0.0024,0.0000,52.4,46.9
2026-07-20T09:00:23.300+00:00,1.869,2.000,0.0163,-0.0001,53.7,47.0
2026-07-20T09:00:23.400+00:00,1.853,2.000,0.0024,-0.0002,51.4,46.1
2026-07-20T09:00:23.500+00:00,1.827,2.000,0.0052,-0.0002,51.8,45.6
2026-07-20T09:00:23.600+00:00,1.932,2.000,0.0237,-0.0003,51.0,45.8
2026-07-20T09:00:23.700+00:00,1.921,2.000,0.0125,-0.0004,48.8,45.1
2026-07-20T09:00:23.800+00:00,1.910,2.000,0.0101,-0.0004,49.8,45.4
2026-07-20T09:00:23.900+00:00,1.973,2.000,0.0057,-0.0005,49.6,45.9
2026-07-20T09:00:24.000+00:00,1.997,2.000,0.0347,-0.0005,46.8,43.2
2026-07-20T09:00:24.100+00:00,2.022,2.000,0.0327,-0.0006,48.9,45.7
2026-07-20T09:00:24.200+00:00,1.973,2.000,0.0319,-0.0006,46.8,44.8
2026-07-20T09:00:24.300+00:00,1.997,2.000,0.0336,-0.0006,47.4,44.2
2026-07-20T09:00:24.400+00:00,2.024,2.000,0.0312,-0.0007,46.8,45.6
2026-07-20T09:00:24.500+00:00,1.964,2.000,0.0392,-0.0007,47.1,47.6
2026-07-20T09:00:24.600+00:00,1.917,2.000,0.0255,-0.0007,45.9,46.6
2026-07-20T09:00:24.700+00:00,1.971,2.000,0.0335,-0.0007,50.1,44.0
2026-07-20T09:00:24.800+00:00,2.013,2.000,0.0331,-0.0007,47.8,47.5
2026-07-20T09:00:24.900+00:00,1.911,2.000,0.0184,-0.0008,49.3,50.3
2026-07-20T09:00:25.000+00:00,1.917,2.000,0.0355,-0.0008,52.3,49.1
2026-07-20T09:00:25.100+00:00,1.915,2.000,0.0286,-0.0008,50.4,49.9
2026-07-20T09:00:25.200+00:00,1.942,2.000,0.0344,-0.0008,49.5,50.7
2026-07-20T09:00:25.300+00:00,1.895,2.000,-0.0033,-0.0008,51.3,49.6
2026-07-20T09:00:25.400+00:00,1.917,2.000,-0.0044,-0.0008,50.3,49.8
2026-07-20T09:00:25.500+00:00,1.950,2.000,-0.0301,-0.0008,48.2,47.1
2026-07-20T09:00:25.600+00:00,1.944,2.000,-0.0194,-0.0008,48.0,49.3
2026-07-20T09:00:25.700+00:00,1.944,2.000,-0.0354,-0.0008,47.4,47.7
2026-07-20T09:00:25.800+00:00,1.943,2.000,-0.0250,-0.0008,48.4,47.2
2026-07-20T09:00:25.900+00:00,1.931,2.000,-0.0465,-0.0008,46.9,46.4
2026-07-20T09:00:26.000+00:00,2.018,2.000,-0.0322,-0.0008,46.8,47.3
2026-07-20T09:00:26.100+00:00,1.996,2.000,-0.0408,-0.0009,44.9,46.3
2026-07-20T09:00:26.200+00:00,2.036,2.000,-0.0188,-0.0009,43.1,43.8
2026-07-20T09:00:26.300+00:00,2.041,2.000,-0.0342,-0.0009,45.7,46.0
2026-07-20T09:00:26.400+00:00,2.101,2.000,-0.0258,-0.0009,45.7,45.3
2026-07-20T09:00:26.500+00:00,2.009,2.000,-0.0140,-0.0009,47.4,46.9
2026-07-20T09:00:26.600+00:00,2.111,2.000,-0.0138,-0.0009,46.7,49.8
2026-07-20T09:00:26.700+00:00,1.999,2.000,-0.0083,-0.0009,48.2,46.7
2026-07-20T09:00:26.800+00:00,2.041,2.000,-0.0065,-0.0009,49.4,47.8
2026-07-20T09:00:26.900+00:00,2.050,2.000,0.0151,-0.0009,51.0,49.8
2026-07-20T09:00:27.000+00:00,1.924,2.000,0.0245,-0.0009,49.3,48.6
2026-07-20T09:00:27.100+00:00,1.951,2.000,0.0192,-0.0009,49.7,52.1
2026-07-20T09:00:27.200+00:00,1.969,2.000,0.0214,-0.0009,49.7,50.1
2026-07-20T09:00:27.300+00:00,1.957,2.000,0.0267,-0.0009,51.3,51.8
2026-07-20T09:00:27.400+00:00,1.953,2.000,0.0319,-0.0009,48.2,49.5
2026-07-20T09:00:27.500+00:00,1.959,2.000,0.0387,-0.0009,49.4,50.2
2026-07-20T09:00:27.600+00:00,1.972,2.000,0.0348,-0.0009,49.0,48.1
2026-07-20T09:00:27.700+00:00,1.835,2.000,0.0320,-0.0009,48.4,43.6
2026-07-20T09:00:27.800+00:00,1.965,2.000,0.0114,-0.0009,47.9,45.9
2026-07-20T09:00:27.900+00:00,2.013,2.000,0.0164,-0.0009,46.2,49.5
2026-07-20T09:00:28.000+00:00,1.998,2.000,0.0178,-0.0009,48.3,46.5
2026-07-20T09:00:28.100+00:00,2.000,2.000,0.0034,-0.0009,46.1,44.4
2026-07-20T09:00:28.200+00:00,1.997,2.000,0.0038,-0.0009,47.1,46.0
2026-07-20T09:00:28.300+00:00,2.037,2.000,-0.0029,-0.0009,46.4,46.8
2026-07-20T09:00:28.400+00:00,2.018,2.000,-0.0157,-0.0009,47.7,45.9
2026-07-20T09:00:28.500+00:00,2.080,2.000,-0.0255,-0.0009,47.4,45.0
2026-07-20T09:00:28.600+00:00,2.095,2.000,-0.0168,-0.0009,47.9,48.2
2026-07-20T09:00:28.700+00:00,2.080,2.000,-0.0360,-0.0009,47.7,47.4
2026-07-20T09:00:28.800+00:00,2.113,2.000,-0.0201,-0.0009,50.8,50.2
2026-07-20T09:00:28.900+00:00,2.063,2.000,-0.0314,-0.0009,50.1,49.3
2026-07-20T09:00:29.000+00:00,2.064,2.000,-0.0309,-0.0009,49.6,48.8
2026-07-20T09:00:29.100+00:00,2.039,2.000,-0.0358,-0.0009,49.9,50.3
2026-07-20T09:00:29.200+00:00,1.984,2.000,-0.0252,-0.0009,50.9,50.5
2026-07-20T09:00:29.300+00:00,2.028,2.000,-0.0393,-0.0009,49.3,47.9
2026-07-20T09:00:29.400+00:00,1.924,2.000,-0.0340,-0.0009,49.7,49.3
2026-07-20T09:00:29.500+00:00,1.967,2.000,-0.0232,-0.0009,49.6,49.5
2026-07-20T09:00:29.600+00:00,1.957,2.000,-0.0112,-0.0009,46.1,48.1
2026-07-20T09:00:29.700+00:00,1.932,2.000,-0.0277,-0.0009,48.0,49.2
2026-07-20T09:00:29.800+00:00,1.938,2.000,0.0081,-0.0009,46.8,47.9
2026-07-20T09:00:29.900+00:00,1.937,2.000,-0.0003,-0.0009,48.0,46.1
2026-07-20T09:00:30.000+00:00,1.971,2.000,0.0176,-0.0009,45.2,47.5
2026-07-20T09:00:30.100+00:00,1.966,2.000,0.0224,-0.0009,45.2,45.1
2026-07-20T09:00:30.200+00:00,2.000,2.000,0.0167,-0.0009,44.9,46.5
2026-07-20T09:00:30.300+00:00,1.993,2.000,0.0146,-0.0009,46.2,49.0
2026-07-20T09:00:30.400+00:00,2.071,2.000,0.0164,-0.0009,46.6,46.9
2026-07-20T09:00:30.500+00:00,2.053,2.000,0.0312,-0.0009,46.7,48.6
2026-07-20T09:00:30.600+00:00,2.092,2.000,0.0265,-0.0009,46.6,47.3
2026-07-20T09:00:30.700+00:00,2.079,2.000,0.0202,-0.0009,49.8,47.9
2026-07-20T09:00:30.800+00:00,2.030,2.000,0.0256,-0.0009,48.4,46.7
2026-07-20T09:00:30.900+00:00,2.077,2.000,0.0158,-0.0009,50.8,52.6
2026-07-20T09:00:31.000+00:00,2.114,2.000,0.0142,-0.0009,49.9,49.5
2026-07-20T09:00:31.100+00:00,2.056,2.000,0.0177,-0.0009,50.0,49.4
2026-07-20T09:00:31.200+00:00,1.985,2.000,-0.0043,-0.0009,50.8,49.7
2026-07-20T09:00:31.300+00:00,2.021,2.000,-0.0037,-0.0009,50.8,50.1
2026-07-20T09:00:31.400+00:00,2.045,2.000,-0.0108,-0.0009,51.5,50.2
2026-07-20T09:00:31.500+00:00,2.026,2.000,-0.0029,-0.0009,50.5,49.9
2026-07-20T09:00:31.600+00:00,1.982,2.000,-0.0120,-0.0009,47.3,49.4
2026-07-20T09:00:31.700+00:00,1.921,2.000,-0.0342,-0.0009,49.5,49.0
2026-07-20T09:00:31.800+00:00,1.928,2.000,-0.0137,-0.0009,46.0,47.1
2026-07-20T09:00:31.900+00:00,1.934,2.000,-0.0289,-0.0009,48.2,46.4
2026-07-20T09:00:32.000+00:00,1.896,2.000,-0.0286,-0.0009,46.9,46.4
2026-07-20T09:00:32.100+00:00,1.927,2.000,-0.0388,-0.0009,45.9,45.8
2026-07-20T09:00:32.200+00:00,1.942,2.000,-0.0161,-0.0009,45.7,43.5
2026-07-20T09:00:32.300+00:00,1.950,2.000,-0.0373,-0.0009,45.3,47.8
2026-07-20T09:00:32.400+00:00,2.022,2.000,-0.0276,-0.0009,46.5,46.4
2026-07-20T09:00:32.500+00:00,1.996,2.000,-0.0226,-0.0009,48.9,44.1
2026-07-20T09:00:32.600+00:00,1.997,2.000,-0.0340,-0.0009,47.4,48.2
2026-07-20T09:00:32.700+00:00,2.021,2.000,-0.0064,-0.0009,49.3,49.3
2026-07-20T09:00:32.800+00:00,2.084,2.000,-0.0026,-0.0009,49.0,48.0
2026-07-20T09:00:32.900+00:00,2.065,2.000,0.0084,-0.0009,49.2,51.0
2026-07-20T09:00:33.000+00:00,2.019,2.000,-0.0127,-0.0009,48.2,49.2
2026-07-20T09:00:33.100+00:00,2.017,2.000,0.0124,-0.0009,48.7,48.9
2026-07-20T09:00:33.200+00:00,2.129,2.000,0.0414,-0.0009,49.5,49.6
2026-07-20T09:00:33.300+00:00,1.990,2.000,0.0143,-0.0009,49.8,48.7
2026-07-20T09:00:33.400+00:00,1.987,2.000,0.0269,-0.0009,48.7,49.8
2026-07-20T09:00:33.500+00:00,2.040,2.000,0.0329,-0.0009,47.6,50.2
2026-07-20T09:00:33.600+00:00,2.028,2.000,0.0235,-0.0009,48.6,46.9
2026-07-20T09:00:33.700+00:00,1.999,2.000,0.0272,-0.0009,48.7,47.8
2026-07-20T09:00:33.800+00:00,2.003,2.000,0.0415,-0.0009,47.0,48.3
2026-07-20T09:00:33.900+00:00,2.020,2.000,0.0419,-0.0009,45.3,45.7
2026-07-20T09:00:34.000+00:00,1.902,2.000,0.0337,-0.0009,44.8,45.8
2026-07-20T09:00:34.100+00:00,1.928,2.000,0.0193,-0.0009,45.3,45.3
2026-07-20T09:00:34.200+00:00,1.899,2.000,0.0035,-0.0009,48.7,46.4
2026-07-20T09:00:34.300+00:00,1.916,2.000,0.0112,-0.0009,45.9,45.3
2026-07-20T09:00:34.400+00:00,1.894,2.000,-0.0262,-0.0009,44.2,43.7
2026-07-20T09:00:34.500+00:00,2.002,2.000,-0.0199,-0.0009,46.8,48.4
2026-07-20T09:00:34.600+00:00,2.000,2.000,-0.0119,-0.0009,46.3,48.0
2026-07-20T09:00:34.700+00:00,1.972,2.000,-0.0146,-0.0009,48.7,48.7
2026-07-20T09:00:34.800+00:00,1.972,2.000,-0.0303,-0.0009,47.2,48.8
2026-07-20T09:00:34.900+00:00,2.002,2.000,-0.0261,-0.0009,49.2,49.9
2026-07-20T09:00:35.000+00:00,2.101,2.000,-0.0259,-0.0009,51.2,48.4
2026-07-20T09:00:35.100+00:00,2.041,2.000,-0.0176,-0.0009,51.2,50.0
2026-07-20T09:00:35.200+00:00,2.004,2.000,-0.0355,-0.0009,49.8,48.1
2026-07-20T09:00:35.300+00:00,2.123,2.000,-0.0218,-0.0009,48.9,50.3
2026-07-20T09:00:35.400+00:00,2.045,2.000,-0.0336,-0.0009,50.5,49.6
2026-07-20T09:00:35.500+00:00,2.042,2.000,-0.0080,-0.0009,50.3,49.3
2026-07-20T09:00:35.600+00:00,2.030,2.000,-0.0112,-0.0009,48.5,48.4
2026-07-20T09:00:35.700+00:00,2.053,2.000,-0.0197,-0.0009,48.7,48.7
2026-07-20T09:00:35.800+00:00,2.061,2.000,0.0073,-0.0009,46.9,47.8
2026-07-20T09:00:35.900+00:00,1.992,2.000,-0.0051,-0.0009,46.1,48.7
2026-07-20T09:00:36.000+00:00,1.964,2.000,0.0099,-0.0009,47.8,43.8
2026-07-20T09:00:36.100+00:00,1.983,2.000,-0.0047,-0.0009,46.2,46.4
2026-07-20T09:00:36.200+00:00,1.941,2.000,0.0068,-0.0009,48.4,47.0
2026-07-20T09:00:36.300+00:00,1.918,2.000,0.0246,-0.0009,45.6,43.6
2026-07-20T09:00:36.400+00:00,1.960,2.000,0.0290,-0.0009,44.5,45.6
2026-07-20T09:00:36.500+00:00,1.899,2.000,0.0191,-0.0009,46.9,44.3
2026-07-20T09:00:36.600+00:00,1.966,2.000,0.0358,-0.0009,47.1,44.4
2026-07-20T09:00:36.700+00:00,1.996,2.000,0.0216,-0.0009,44.7,47.6
2026-07-20T09:00:36.800+00:00,1.997,2.000,0.0185,-0.0009,47.8,49.1
2026-07-20T09:00:36.900+00:00,2.052,2.000,0.0310,-0.0009,49.0,49.7
2026-07-20T09:00:37.000+00:00,2.049,2.000,0.0092,-0.0009,48.7,49.0
2026-07-20T09:00:37.100+00:00,1.971,2.000,0.0170,-0.0009,50.2,51.1
2026-07-20T09:00:37.200+00:00,1.988,2.000,0.0141,-0.0009,49.9,50.9
2026-07-20T09:00:37.300+00:00,2.019,2.000,-0.0110,-0.0009,50.9,50.2
2026-07-20T09:00:37.400+00:00,2.131,2.000,0.0025,-0.0009,50.2,50.4
2026-07-20T09:00:37.500+00:00,2.062,2.000,0.0161,-0.0009,48.2,49.7
2026-07-20T09:00:37.600+00:00,2.050,2.000,-0.0099,-0.0009,47.3,51.4
2026-07-20T09:00:37.700+00:00,2.035,2.000,-0.0165,-0.0009,49.1,47.8
2026-07-20T09:00:37.800+00:00,2.069,2.000,-0.0264,-0.0009,45.8,47.8
2026-07-20T09:00:37.900+00:00,2.050,2.000,-0.0113,-0.0009,46.3,46.2
2026-07-20T09:00:38.000+00:00,2.006,2.000,-0.0343,-0.0009,45.9,47.5
2026-07-20T09:00:38.100+00:00,2.025,2.000,-0.0472,-0.0009,45.6,46.5
2026-07-20T09:00:38.200+00:00,2.022,2.000,-0.0420,-0.0009,47.5,47.2
2026-07-20T09:00:38.300+00:00,1.987,2.000,-0.0441,-0.0009,46.6,44.2
2026-07-20T09:00:38.400+00:00,1.957,2.000,-0.0285,-0.0009,47.1,46.6
2026-07-20T09:00:38.500+00:00,1.986,2.000,-0.0220,-0.0009,48.3,43.4
2026-07-20T09:00:38.600+00:00,1.925,2.000,-0.0226,-0.0009,45.3,47.5
2026-07-20T09:00:38.700+00:00,1.893,2.000,-0.0033,-0.0009,48.4,46.9
2026-07-20T09:00:38.800+00:00,1.990,2.000,-0.0140,-0.0009,48.0,49.2
2026-07-20T09:00:38.900+00:00,2.014,2.000,-0.0180,-0.0009,49.9,49.0
2026-07-20T09:00:39.000+00:00,1.915,2.000,0.0099,-0.0009,51.1,49.2
2026-07-20T09:00:39.100+00:00,1.966,2.000,0.0093,-0.0009,49.2,50.7
2026-07-20T09:00:39.200+00:00,2.025,2.000,0.0190,-0.0009,50.0,50.6
2026-07-20T09:00:39.300+00:00,2.100,2.000,0.0181,-0.0009,48.0,51.4
2026-07-20T09:00:39.400+00:00,2.010,2.000,0.0377,-0.0009,52.3,50.8
2026-07-20T09:00:39.500+00:00,2.055,2.000,0.0371,-0.0009,48.9,48.9
2026-07-20T09:00:39.600+00:00,2.113,2.000,0.0336,-0.0009,48.8,47.5
2026-07-20T09:00:39.700+00:00,2.102,2.000,0.0377,-0.0009,48.8,48.9
2026-07-20T09:00:39.800+00:00,2.037,2.000,0.0270,-0.0009,46.3,45.4
2026-07-20T09:00:39.900+00:00,2.060,2.000,0.0291,-0.0009,46.3,43.3
2026-07-20T09:00:40.000+00:00,2.091,2.000,0.0125,-0.0009,45.6,46.8
2026-07-20T09:00:40.100+00:00,2.087,2.000,0.0067,-0.0009,45.9,46.4
2026-07-20T09:00:40.200+00:00,2.072,2.000,0.0337,-0.0009,45.6,45.3
2026-07-20T09:00:40.300+00:00,2.017,2.000,0.0044,-0.0009,46.0,45.6
2026-07-20T09:00:40.400+00:00,1.976,2.000,0.0137,-0.0009,49.2,46.5
2026-07-20T09:00:40.500+00:00,1.975,2.000,0.0100,-0.0009,48.0,46.0
2026-07-20T09:00:40.600+00:00,1.963,2.000,-0.0194,-0.0009,48.6,47.5
2026-07-20T09:00:40.700+00:00,1.889,2.000,-0.0290,-0.0009,46.3,45.9
2026-07-20T09:00:40.800+00:00,1.970,2.000,-0.0219,-0.0009,48.6,45.9
2026-07-20T09:00:40.900+00:00,1.925,2.000,-0.0287,-0.0009,51.7,47.5
2026-07-20T09:00:41.000+00:00,1.996,2.000,-0.0334,-0.0009,50.2,50.3
2026-07-20T09:00:41.100+00:00,1.958,2.000,-0.0308,-0.0009,50.8,48.9
2026-07-20T09:00:41.200+00:00,1.913,2.000,-0.0246,-0.0009,50.4,50.2
2026-07-20T09:00:41.300+00:00,1.978,2.000,-0.0368,-0.0009,49.1,48.6
2026-07-20T09:00:41.400+00:00,1.960,2.000,-0.0323,-0.0009,50.0,48.2
2026-07-20T09:00:41.500+00:00,1.977,2.000,-0.0196,-0.0009,48.5,48.4
2026-07-20T09:00:41.600+00:00,2.048,2.000,-0.0098,-0.0009,48.3,49.2
2026-07-20T09:00:41.700+00:00,2.050,2.000,-0.0344,-0.0009,50.4,48.1
2026-07-20T09:00:41.800+00:00,2.082,2.000,-0.0094,-0.0009,48.4,45.0
2026-07-20T09:00:41.900+00:00,2.076,2.000,-0.0183,-0.0009,45.9,48.4
2026-07-20T09:00:42.000+00:00,2.002,2.000,0.0001,-0.0009,44.8,43.1
2026-07-20T09:00:42.100+00:00,2.058,2.000,0.0072,-0.0009,45.6,47.4
2026-07-20T09:00:42.200+00:00,2.049,2.000,0.0256,-0.0009,43.4,46.7
2026-07-20T09:00:42.300+00:00,2.052,2.000,0.0252,-0.0009,47.3,44.7
2026-07-20T09:00:42.400+00:00,1.990,2.000,0.0422,-0.0009,47.3,44.4
2026-07-20T09:00:42.500+00:00,2.057,2.000,0.0198,-0.0009,46.5,47.9
2026-07-20T09:00:42.600+00:00,1.981,2.000,0.0319,-0.0009,49.0,47.1
2026-07-20T09:00:42.700+00:00,1.938,2.000,0.0150,-0.0009,48.7,48.5
2026-07-20T09:00:42.800+00:00,1.925,2.000,0.0162,-0.0009,48.0,48.2
2026-07-20T09:00:42.900+00:00,1.916,2.000,0.0159,-0.0009,48.3,50.1
2026-07-20T09:00:43.000+00:00,1.926,2.000,0.0317,-0.0009,49.2,49.8
2026-07-20T09:00:43.100+00:00,1.890,2.000,0.0132,-0.0009,48.8,49.1
2026-07-20T09:00:43.200+00:00,1.940,2.000,0.0049,-0.0009,50.9,48.1
2026-07-20T09:00:43.300+00:00,1.936,2.000,0.0094,-0.0009,50.3,49.9
2026-07-20T09:00:43.400+00:00,1.913,2.000,-0.0099,-0.0009,49.6,50.8
2026-07-20T09:00:43.500+00:00,1.987,2.000,-0.0230,-0.0009,50.6,49.0
2026-07-20T09:00:43.600+00:00,1.969,2.000,-0.0053,-0.0009,48.4,46.6
2026-07-20T09:00:43.700+00:00,2.047,2.000,-0.0365,-0.0009,46.8,47.4
2026-07-20T09:00:43.800+00:00,1.983,2.000,-0.0335,-0.0009,47.1,46.5
2026-07-20T09:00:43.900+00:00,2.064,2.000,-0.0225,-0.0009,47.2,47.1
2026-07-20T09:00:44.000+00:00,2.023,2.000,-0.0155,-0.0009,46.3,47.7
2026-07-20T09:00:44.100+00:00,2.018,2.000,-0.0204,-0.0009,45.7,47.7
2026-07-20T09:00:44.200+00:00,2.077,2.000,-0.0278,-0.0009,45.7,45.5
2026-07-20T09:00:44.300+00:00,2.058,2.000,-0.0293,-0.0009,46.1,46.2
2026-07-20T09:00:44.400+00:00,2.076,2.000,-0.0359,-0.0009,49.9,44.3
2026-07-20T09:00:44.500+00:00,2.018,2.000,-0.0241,-0.0009,47.5,46.9
2026-07-20T09:00:44.600+00:00,2.069,2.000,-0.0161,-0.0009,47.6,48.8
2026-07-20T09:00:44.700+00:00,2.064,2.000,-0.0381,-0.0009,48.5,49.3
2026-07-20T09:00:44.800+00:00,1.960,2.000,-0.0225,-0.0009,48.8,48.6
2026-07-20T09:00:44.900+00:00,2.008,2.000,-0.0031,-0.0009,47.1,50.4
2026-07-20T09:00:45.000+00:00,1.946,2.000,0.0010,-0.0009,47.9,50.2
2026-07-20T09:00:45.100+00:00,1.963,2.000,-0.0137,-0.0009,48.1,50.0
2026-07-20T09:00:45.200+00:00,1.974,2.000,0.0124,-0.0009,49.8,49.2
2026-07-20T09:00:45.300+00:00,1.975,2.000,0.0144,-0.0009,50.5,49.4
2026-07-20T09:00:45.400+00:00,1.878,2.000,0.0214,-0.0009,50.1,47.5
2026-07-20T09:00:45.500+00:00,1.946,2.000,0.0336,-0.0009,52.0,47.8
2026-07-20T09:00:45.600+00:00,2.017,2.000,0.0285,-0.0009,50.0,47.8
2026-07-20T09:00:45.700+00:00,1.971,2.000,0.0324,-0.0009,48.3,47.1
2026-07-20T09:00:45.800+00:00,1.934,2.000,0.0294,-0.0009,47.5,47.9
2026-07-20T09:00:45.900+00:00,1.953,2.000,0.0266,-0.0009,48.0,47.2
2026-07-20T09:00:46.000+00:00,2.018,2.000,0.0194,-0.0009,44.6,45.1
2026-07-20T09:00:46.100+00:00,2.088,2.000,0.0170,-0.0009,45.3,46.9
2026-07-20T09:00:46.200+00:00,2.067,2.000,0.0121,-0.0009,45.8,47.0
2026-07-20T09:00:46.300+00:00,2.012,2.000,0.0064,-0.0009,44.4,45.5
2026-07-20T09:00:46.400+00:00,2.084,2.000,-0.0061,-0.0009,45.8,49.3
2026-07-20T09:00:46.500+00:00,2.075,2.000,-0.0169,-0.0009,45.5,46.3
2026-07-20T09:00:46.600+00:00,1.979,2.000,-0.0069,-0.0009,47.7,49.7
2026-07-20T09:00:46.700+00:00,2.057,2.000,-0.0182,-0.0009,49.3,47.8
2026-07-20T09:00:46.800+00:00,1.952,2.000,-0.0249,-0.0009,49.4,48.5
2026-07-20T09:00:46.900+00:00,2.017,2.000,-0.0334,-0.0009,48.5,48.6
2026-07-20T09:00:47.000+00:00,1.946,2.000,-0.0230,-0.0009,50.9,48.0
2026-07-20T09:00:47.100+00:00,2.041,2.000,-0.0367,-0.0009,51.3,50.0
2026-07-20T09:00:47.200+00:00,1.938,2.000,-0.0404,-0.0009,50.1,50.0
2026-07-20T09:00:47.300+00:00,1.942,2.000,-0.0329,-0.0009,49.6,48.2
2026-07-20T09:00:47.400+00:00,1.966,2.000,-0.0352,-0.0009,48.0,49.4
2026-07-20T09:00:47.500+00:00,1.934,2.000,-0.0352,-0.0009,48.7,50.9
2026-07-20T09:00:47.600+00:00,1.886,2.000,-0.0197,-0.0009,49.4,47.7
2026-07-20T09:00:47.700+00:00,1.950,2.000,-0.0244,-0.0009,47.4,49.0
2026-07-20T09:00:47.800+00:00,1.929,2.000,-0.0204,-0.0009,46.6,46.7
2026-07-20T09:00:47.900+00:00,1.989,2.000,0.0021,-0.0009,48.9,49.5
2026-07-20T09:00:48.000+00:00,1.988,2.000,-0.0100,-0.0009,45.0,45.4
2026-07-20T09:00:48.100+00:00,1.968,2.000,-0.0001,-0.0009,44.8,45.9
2026-07-20T09:00:48.200+00:00,2.054,2.000,0.0010,-0.0009,44.9,49.4
2026-07-20T09:00:48.300+00:00,2.044,2.000,0.0134,-0.0009,44.6,48.2
2026-07-20T09:00:48.400+00:00,2.066,2.000,0.0319,-0.0009,44.8,46.7
2026-07-20T09:00:48.500+00:00,2.116,2.000,0.0163,-0.0009,47.8,47.0
2026-07-20T09:00:48.600+00:00,2.035,2.000,0.0076,-0.0009,48.2,48.9
2026-07-20T09:00:48.700+00:00,2.013,2.000,0.0400,-0.0009,48.4,49.3
2026-07-20T09:00:48.800+00:00,2.062,2.000,0.0160,-0.0009,49.0,48.3
2026-07-20T09:00:48.900+00:00,2.039,2.000,0.0131,-0.0009,48.8,49.0
2026-07-20T09:00:49.000+00:00,2.020,2.000,0.0218,-0.0009,49.6,50.2
2026-07-20T09:00:49.100+00:00,2.003,2.000,0.0204,-0.0009,50.0,47.6
2026-07-20T09:00:49.200+00:00,1.997,2.000,0.0225,-0.0009,50.0,51.2
2026-07-20T09:00:49.300+00:00,1.909,2.000,-0.0042,-0.0009,50.2,49.9
2026-07-20T09:00:49.400+00:00,1.944,2.000,0.0082,-0.0009,50.4,50.7
2026-07-20T09:00:49.500+00:00,1.937,2.000,0.0045,-0.0009,46.6,50.1
2026-07-20T09:00:49.600+00:00,1.958,2.000,0.0044,-0.0009,47.5,49.4
2026-07-20T09:00:49.700+00:00,1.985,2.000,-0.0050,-0.0009,46.9,47.7
2026-07-20T09:00:49.800+00:00,1.933,2.000,-0.0117,-0.0009,46.0,47.8
2026-07-20T09:00:49.900+00:00,1.940,2.000,-0.0182,-0.0009,47.1,46.5
2026-07-20T09:00:50.000+00:00,1.916,2.000,-0.0144,-0.0009,45.7,46.4
2026-07-20T09:00:50.100+00:00,1.910,2.000,-0.0226,-0.0009,44.5,43.6
2026-07-20T09:00:50.200+00:00,1.942,2.000,-0.0316,-0.0009,45.5,46.8
2026-07-20T09:00:50.300+00:00,2.009,2.000,-0.0379,-0.0009,45.7,46.9
2026-07-20T09:00:50.400+00:00,1.996,2.000,-0.0271,-0.0009,46.2,47.7
2026-07-20T09:00:50.500+00:00,1.989,2.000,-0.0255,-0.0009,47.6,45.5
2026-07-20T09:00:50.600+00:00,2.089,2.000,-0.0131,-0.0009,47.8,47.6
2026-07-20T09:00:50.700+00:00,2.021,2.000,0.0123,1.5237,-6.9,69.8
2026-07-20T09:00:50.800+00:00,1.916,2.000,0.0621,1.5285,-6.6,68.7
2026-07-20T09:00:50.900+00:00,1.805,2.000,0.0863,1.5331,-4.4,72.9
2026-07-20T09:00:51.000+00:00,1.740,2.000,0.1494,1.5376,-4.0,72.8
2026-07-20T09:00:51.100+00:00,1.724,2.000,0.1745,1.5419,-7.0,71.7
2026-07-20T09:00:51.200+00:00,1.646,2.000,0.2105,1.5460,-6.4,72.2
2026-07-20T09:00:51.300+00:00,1.527,2.000,0.2696,1.5499,-6.0,68.8
2026-07-20T09:00:51.400+00:00,1.448,2.000,0.2985,1.5536,-6.8,71.6
2026-07-20T09:00:51.500+00:00,1.348,2.000,0.3361,1.5571,-6.0,71.9
2026-07-20T09:00:51.600+00:00,1.307,2.000,0.3834,1.5604,-5.2,68.7
2026-07-20T09:00:51.700+00:00,1.252,2.000,0.4153,1.5636,-7.1,70.0
2026-07-20T09:00:51.800+00:00,1.209,2.000,0.4437,1.5666,-6.5,65.4
2026-07-20T09:00:51.900+00:00,1.039,2.000,0.4951,1.5695,-8.4,69.5
2026-07-20T09:00:52.000+00:00,1.059,2.000,0.5148,1.5723,-9.4,69.1
2026-07-20T09:00:52.100+00:00,1.123,2.000,0.5325,1.5749,-8.5,66.2
2026-07-20T09:00:52.200+00:00,1.030,2.000,0.5748,1.5775,-7.5,68.4
2026-07-20T09:00:52.300+00:00,1.041,2.000,0.5946,1.5799,-9.4,69.2
2026-07-20T09:00:52.400+00:00,1.109,2.000,0.6268,1.5822,-7.9,66.7
2026-07-20T09:00:52.500+00:00,1.030,2.000,0.6613,1.5844,-8.4,69.2
2026-07-20T09:00:52.600+00:00,0.993,2.000,0.6850,1.5866,-6.3,68.0
2026-07-20T09:00:52.700+00:00,1.052,2.000,0.7178,1.5887,-5.7,73.8
2026-07-20T09:00:52.800+00:00,1.109,2.000,0.7539,1.5907,-5.6,71.7
2026-07-20T09:00:52.900+00:00,1.081,2.000,0.7851,1.5927,-1.3,72.2
2026-07-20T09:00:53.000+00:00,1.112,2.000,0.8113,1.5946,-1.2,73.8
2026-07-20T09:00:53.100+00:00,1.137,2.000,0.8432,1.5965,-1.5,76.0
2026-07-20T09:00:53.200+00:00,1.152,2.000,0.8805,1.5983,-0.5,77.0
2026-07-20T09:00:53.300+00:00,1.152,2.000,0.9106,1.6001,0.6,78.5
2026-07-20T09:00:53.400+00:00,1.195,2.000,0.9366,1.6019,-1.5,77.0
2026-07-20T09:00:53.500+00:00,1.188,2.000,0.9990,1.6036,1.1,76.2
2026-07-20T09:00:53.600+00:00,1.166,2.000,1.0236,1.6052,-0.1,76.5
2026-07-20T09:00:53.700+00:00,1.152,2.000,1.0644,1.6068,-0.2,75.1
2026-07-20T09:00:53.800+00:00,1.205,2.000,1.1062,1.6084,1.0,77.9
2026-07-20T09:00:53.900+00:00,1.211,2.000,1.1445,1.6099,1.1,76.6
2026-07-20T09:00:54.000+00:00,1.290,2.000,1.1804,1.6113,0.3,76.0
2026-07-20T09:00:54.100+00:00,1.243,2.000,1.2303,1.6127,-0.6,78.4
2026-07-20T09:00:54.200+00:00,1.223,2.000,1.2671,1.6140,3.0,78.3
2026-07-20T09:00:54.300+00:00,1.359,2.000,1.2979,1.6153,3.0,78.2
2026-07-20T09:00:54.400+00:00,1.342,2.000,1.3632,1.6164,3.0,78.3
2026-07-20T09:00:54.500+00:00,1.399,2.000,1.3935,1.6175,4.5,78.7
2026-07-20T09:00:54.600+00:00,1.429,2.000,1.4236,1.6184,8.4,74.6
2026-07-20T09:00:54.700+00:00,1.392,2.000,1.4567,1.6193,15.3,73.1
2026-07-20T09:00:54.800+00:00,1.518,2.000,1.4879,1.6201,20.3,70.8
2026-07-20T09:00:54.900+00:00,1.611,2.000,1.4982,1.6208,22.9,70.4
2026-07-20T09:00:55.000+00:00,1.643,2.000,1.5054,1.6215,28.0,68.1
2026-07-20T09:00:55.100+00:00,1.648,2.000,1.5443,1.6221,28.1,64.3
2026-07-20T09:00:55.200+00:00,1.728,2.000,1.5438,1.6226,32.3,62.5
2026-07-20T09:00:55.300+00:00,1.697,2.000,1.5526,1.6231,35.5,65.5
2026-07-20T09:00:55.400+00:00,1.782,2.000,1.5547,1.6235,35.1,58.2
2026-07-20T09:00:55.500+00:00,1.739,2.000,1.5500,1.6239,35.1,60.8
2026-07-20T09:00:55.600+00:00,1.800,2.000,1.5600,1.6243,37.3,56.8
2026-07-20T09:00:55.700+00:00,1.790,2.000,1.5675,1.6246,39.0,55.2
2026-07-20T09:00:55.800+00:00,1.742,2.000,1.5569,1.6249,36.5,53.6
2026-07-20T09:00:55.900+00:00,1.745,2.000,1.5611,1.6251,39.2,52.7
2026-07-20T09:00:56.000+00:00,1.755,2.000,1.5425,1.6254,40.2,52.0
2026-07-20T09:00:56.100+00:00,1.792,2.000,1.5525,1.6256,41.4,51.6
2026-07-20T09:00:56.200+00:00,1.771,2.000,1.5635,1.6258,40.0,50.6
2026-07-20T09:00:56.300+00:00,1.814,2.000,1.5687,1.6259,41.7,50.7
2026-07-20T09:00:56.400+00:00,1.829,2.000,1.5713,1.6261,43.4,48.6
2026-07-20T09:00:56.500+00:00,1.869,2.000,1.5592,1.6262,43.6,47.6
2026-07-20T09:00:56.600+00:00,1.860,2.000,1.5741,1.6263,43.9,49.3
2026-07-20T09:00:56.700+00:00,1.818,2.000,1.5988,1.6264,44.2,50.5
2026-07-20T09:00:56.800+00:00,1.897,2.000,1.5970,1.6265,47.2,50.8
2026-07-20T09:00:56.900+00:00,1.898,2.000,1.6054,1.6266,47.1,51.0
2026-07-20T09:00:57.000+00:00,1.961,2.000,1.6108,1.6267,48.3,51.2
2026-07-20T09:00:57.100+00:00,1.962,2.000,1.6097,1.6268,48.1,51.5
2026-07-20T09:00:57.200+00:00,1.964,2.000,1.6438,1.6268,49.0,52.5
2026-07-20T09:00:57.300+00:00,2.084,2.000,1.6326,1.6269,48.1,51.3
2026-07-20T09:00:57.400+00:00,2.004,2.000,1.6314,1.6269,48.7,51.5
2026-07-20T09:00:57.500+00:00,2.069,2.000,1.6468,1.6270,48.0,49.6
2026-07-20T09:00:57.600+00:00,2.041,2.000,1.6722,1.6270,46.8,48.5
2026-07-20T09:00:57.700+00:00,2.057,2.000,1.6437,1.6270,46.7,48.8
2026-07-20T09:00:57.800+00:00,2.041,2.000,1.6533,1.6271,45.6,46.6
2026-07-20T09:00:57.900+00:00,2.024,2.000,1.6564,1.6271,46.5,46.3
2026-07-20T09:00:58.000+00:00,1.961,2.000,1.6595,1.6271,45.2,45.7
2026-07-20T09:00:58.100+00:00,1.992,2.000,1.6628,1.6272,46.3,48.0
2026-07-20T09:00:58.200+00:00,1.894,2.000,1.6725,1.6272,44.7,45.6
2026-07-20T09:00:58.300+00:00,1.900,2.000,1.6361,1.6272,45.3,45.0
2026-07-20T09:00:58.400+00:00,1.928,2.000,1.6412,1.6272,46.6,47.3
2026-07-20T09:00:58.500+00:00,1.905,2.000,1.6376,1.6272,49.1,47.4
2026-07-20T09:00:58.600+00:00,1.880,2.000,1.6099,1.6272,45.0,47.7
2026-07-20T09:00:58.700+00:00,1.901,2.000,1.6188,1.6272,50.2,48.9
2026-07-20T09:00:58.800+00:00,1.893,2.000,1.6201,1.6273,47.2,48.9
2026-07-20T09:00:58.900+00:00,1.873,2.000,1.6098,1.6273,48.8,49.4
2026-07-20T09:00:59.000+00:00,1.926,2.000,1.6016,1.6273,48.8,49.6
2026-07-20T09:00:59.100+00:00,1.995,2.000,1.6004,1.6273,51.1,49.7
2026-07-20T09:00:59.200+00:00,2.010,2.000,1.5929,1.6273,50.6,49.6
2026-07-20T09:00:59.300+00:00,2.049,2.000,1.6023,1.6273,51.3,52.1
2026-07-20T09:00:59.400+00:00,2.034,2.000,1.5878,1.6273,49.5,49.6
2026-07-20T09:00:59.500+00:00,1.996,2.000,1.5909,1.6273,49.2,48.3
2026-07-20T09:00:59.600+00:00,2.031,2.000,1.5998,1.6273,47.2,48.9
2026-07-20T09:00:59.700+00:00,2.085,2.000,1.6040,1.6273,50.5,48.4
2026-07-20T09:00:59.800+00:00,2.027,2.000,1.6116,1.6273,45.7,49.3
2026-07-20T09:00:59.900+00:00,2.023,2.000,1.6048,1.6273,46.7,46.7
2026-07-20T09:01:00.000+00:00,2.038,2.000,1.6112,1.6273,47.8,45.4
2026-07-20T09:01:00.100+00:00,2.067,2.000,1.6133,1.6273,46.6,45.4
2026-07-20T09:01:00.200+00:00,1.990,2.000,1.6182,1.6273,45.9,47.4
2026-07-20T09:01:00.300+00:00,1.994,2.000,1.6293,1.6273,46.9,43.3
2026-07-20T09:01:00.400+00:00,1.936,2.000,1.6532,1.6273,46.8,46.7
2026-07-20T09:01:00.500+00:00,1.979,2.000,1.6587,1.6273,44.0,45.9
2026-07-20T09:01:00.600+00:00,1.939,2.000,1.6546,1.6273,48.0,48.4
2026-07-20T09:01:00.700+00:00,1.927,2.000,1.6617,1.6273,45.8,47.5
2026-07-20T09:01:00.800+00:00,1.891,2.000,1.6618,1.6273,49.4,49.8
2026-07-20T09:01:00.900+00:00,1.822,2.000,1.6597,1.6273,47.7,51.5
2026-07-20T09:01:01.000+00:00,1.865,2.000,1.6529,1.6273,51.1,49.7
2026-07-20T09:01:01.100+00:00,1.955,2.000,1.6651,1.6273,50.4,50.4
2026-07-20T09:01:01.200+00:00,2.040,2.000,1.6581,1.6273,51.2,48.1
2026-07-20T09:01:01.300+00:00,2.018,2.000,1.6515,1.6273,51.3,49.4
2026-07-20T09:01:01.400+00:00,2.030,2.000,1.6524,1.6273,52.7,48.7
2026-07-20T09:01:01.500+00:00,2.006,2.000,1.6318,1.6273,48.6,48.1
2026-07-20T09:01:01.600+00:00,2.020,2.000,1.6057,1.6273,49.0,48.0
2026-07-20T09:01:01.700+00:00,2.051,2.000,1.6402,1.6273,49.5,48.3
2026-07-20T09:01:01.800+00:00,2.072,2.000,1.6242,1.6273,49.0,47.4
2026-07-20T09:01:01.900+00:00,2.081,2.000,1.6154,1.6273,46.4,47.3
2026-07-20T09:01:02.000+00:00,2.060,2.000,1.6254,1.6273,46.9,47.9
2026-07-20T09:01:02.100+00:00,2.065,2.000,1.6116,1.6273,43.2,46.7
2026-07-20T09:01:02.200+00:00,2.106,2.000,1.5791,1.6273,46.2,47.2
2026-07-20T09:01:02.300+00:00,1.986,2.000,1.5887,1.6273,46.4,46.1
2026-07-20T09:01:02.400+00:00,2.026,2.000,1.5916,1.6273,49.7,47.4
2026-07-20T09:01:02.500+00:00,2.033,2.000,1.6058,1.6273,48.6,46.6
2026-07-20T09:01:02.600+00:00,1.977,2.000,1.5807,1.6273,48.4,46.3
2026-07-20T09:01:02.700+00:00,1.941,2.000,1.6004,1.6273,49.8,48.9
2026-07-20T09:01:02.800+00:00,1.972,2.000,1.6120,1.6273,48.6,48.9
2026-07-20T09:01:02.900+00:00,1.862,2.000,1.6012,1.6273,49.4,49.6
2026-07-20T09:01:03.000+00:00,1.986,2.000,1.6280,1.6273,51.5,48.4
2026-07-20T09:01:03.100+00:00,1.947,2.000,1.6207,1.6273,52.9,51.7
2026-07-20T09:01:03.200+00:00,1.921,2.000,1.6401,1.6273,48.9,50.9
2026-07-20T09:01:03.300+00:00,1.935,2.000,1.6271,1.6273,49.8,51.8
2026-07-20T09:01:03.400+00:00,1.872,2.000,1.6396,1.6273,50.2,48.8
2026-07-20T09:01:03.500+00:00,1.972,2.000,1.6484,1.6273,48.8,50.1
2026-07-20T09:01:03.600+00:00,1.976,2.000,1.6390,1.6273,49.4,47.9
2026-07-20T09:01:03.700+00:00,2.037,2.000,1.6417,1.6273,49.3,47.9
2026-07-20T09:01:03.800+00:00,2.057,2.000,1.6408,1.6273,45.4,47.7
2026-07-20T09:01:03.900+00:00,2.008,2.000,1.6510,1.6273,46.3,46.6
2026-07-20T09:01:04.000+00:00,2.081,2.000,1.6526,1.6273,45.8,47.5
2026-07-20T09:01:04.100+00:00,2.043,2.000,1.6588,1.6273,45.0,44.1
2026-07-20T09:01:04.200+00:00,2.058,2.000,1.6558,1.6273,43.2,45.4
2026-07-20T09:01:04.300+00:00,2.122,2.000,1.6412,1.6273,44.1,44.4
2026-07-20T09:01:04.400+00:00,2.105,2.000,1.6537,1.6273,45.5,45.6
2026-07-20T09:01:04.500+00:00,1.963,2.000,1.6435,1.6273,44.6,46.5
2026-07-20T09:01:04.600+00:00,2.012,2.000,1.6454,1.6273,47.5,48.8
2026-07-20T09:01:04.700+00:00,1.988,2.000,1.6437,1.6273,48.0,50.2
2026-07-20T09:01:04.800+00:00,2.025,2.000,1.6056,1.6273,47.4,48.8
2026-07-20T09:01:04.900+00:00,1.936,2.000,1.6108,1.6273,48.0,49.5
2026-07-20T09:01:05.000+00:00,1.949,2.000,1.6161,1.6273,49.7,50.3
2026-07-20T09:01:05.100+00:00,1.967,2.000,1.5944,1.6273,50.9,53.0
2026-07-20T09:01:05.200+00:00,1.917,2.000,1.5960,1.6273,50.9,51.0
2026-07-20T09:01:05.300+00:00,1.916,2.000,1.5923,1.6273,50.5,48.9
2026-07-20T09:01:05.400+00:00,1.936,2.000,1.5924,1.6273,50.8,48.9
2026-07-20T09:01:05.500+00:00,1.874,2.000,1.5802,1.6273,47.6,47.6
2026-07-20T09:01:05.600+00:00,1.912,2.000,1.5966,1.6273,47.7,47.7
2026-07-20T09:01:05.700+00:00,2.017,2.000,1.5970,1.6273,48.8,48.0
2026-07-20T09:01:05.800+00:00,1.974,2.000,1.6008,1.6273,47.7,48.1
2026-07-20T09:01:05.900+00:00,2.011,2.000,1.6019,1.6273,44.4,47.1
2026-07-20T09:01:06.000+00:00,2.018,2.000,1.6223,1.6273,48.5,45.3
2026-07-20T09:01:06.100+00:00,2.044,2.000,1.6238,1.6273,46.0,46.0
2026-07-20T09:01:06.200+00:00,2.088,2.000,1.6293,1.6273,47.7,46.0
2026-07-20T09:01:06.300+00:00,2.042,2.000,1.6419,1.6273,47.0,45.2
2026-07-20T09:01:06.400+00:00,2.147,2.000,1.6504,1.6273,46.3,43.8
2026-07-20T09:01:06.500+00:00,2.111,2.000,1.6417,1.6273,47.5,47.1
2026-07-20T09:01:06.600+00:00,2.077,2.000,1.6600,1.6273,48.9,48.5
2026-07-20T09:01:06.700+00:00,2.060,2.000,1.6682,1.6273,49.1,47.7
2026-07-20T09:01:06.800+00:00,2.091,2.000,1.6522,1.6273,48.9,49.6
2026-07-20T09:01:06.900+00:00,1.992,2.000,1.6597,1.6273,49.2,50.9
2026-07-20T09:01:07.000+00:00,1.933,2.000,1.6634,1.6273,49.4,51.8
2026-07-20T09:01:07.100+00:00,1.911,2.000,1.6552,1.6273,52.2,50.7
2026-07-20T09:01:07.200+00:00,1.944,2.000,1.6538,1.6273,51.3,49.3
2026-07-20T09:01:07.300+00:00,1.962,2.000,1.6605,1.6273,50.2,50.1
2026-07-20T09:01:07.400+00:00,1.971,2.000,1.6441,1.6273,48.6,47.7
2026-07-20T09:01:07.500+00:00,1.952,2.000,1.6453,1.6273,49.7,49.6
2026-07-20T09:01:07.600+00:00,1.959,2.000,1.6310,1.6273,48.5,48.0
2026-07-20T09:01:07.700+00:00,2.010,2.000,1.6246,1.6273,45.9,48.6
2026-07-20T09:01:07.800+00:00,1.947,2.000,1.6062,1.6273,46.8,44.8
2026-07-20T09:01:07.900+00:00,1.953,2.000,1.6180,1.6273,44.3,47.8
2026-07-20T09:01:08.000+00:00,2.037,2.000,1.6215,1.6273,46.8,46.4
2026-07-20T09:01:08.100+00:00,2.064,2.000,1.6157,1.6273,47.4,45.0
2026-07-20T09:01:08.200+00:00,2.040,2.000,1.6020,1.6273,43.8,46.6
2026-07-20T09:01:08.300+00:00,2.064,2.000,1.6174,1.6273,47.9,46.3
2026-07-20T09:01:08.400+00:00,2.069,2.000,1.5955,1.6273,45.4,45.2
2026-07-20T09:01:08.500+00:00,2.113,2.000,1.6071,1.6273,45.7,48.0
2026-07-20T09:01:08.600+00:00,2.082,2.000,1.5965,1.6273,48.0,48.6
2026-07-20T09:01:08.700+00:00,2.118,2.000,1.6005,1.6273,48.4,48.8
2026-07-20T09:01:08.800+00:00,2.138,2.000,1.5963,1.6273,49.2,49.5
2026-07-20T09:01:08.900+00:00,2.022,2.000,1.5942,1.6273,50.7,49.5
2026-07-20T09:01:09.000+00:00,2.072,2.000,1.5971,1.6273,49.0,51.3
2026-07-20T09:01:09.100+00:00,2.024,2.000,1.6192,1.6273,51.3,48.8
2026-07-20T09:01:09.200+00:00,1.990,2.000,1.6177,1.6273,51.0,48.4
2026-07-20T09:01:09.300+00:00,2.007,2.000,1.6183,1.6273,49.2,49.4
2026-07-20T09:01:09.400+00:00,1.937,2.000,1.6229,1.6273,49.6,50.7
2026-07-20T09:01:09.500+00:00,2.004,2.000,1.6381,1.6273,48.3,48.3
2026-07-20T09:01:09.600+00:00,1.943,2.000,1.6633,1.6273,47.9,48.4
2026-07-20T09:01:09.700+00:00,1.982,2.000,1.6657,1.6273,47.0,47.9
2026-07-20T09:01:09.800+00:00,1.896,2.000,1.6576,1.6273,47.3,47.4
2026-07-20T09:01:09.900+00:00,1.979,2.000,1.6684,1.6273,46.4,46.5
2026-07-20T09:01:10.000+00:00,1.927,2.000,1.6645,1.6273,47.1,46.3
2026-07-20T09:01:10.100+00:00,1.929,2.000,1.6492,1.6273,47.8,45.9
2026-07-20T09:01:10.200+00:00,1.963,2.000,1.6696,1.6273,46.3,48.9
2026-07-20T09:01:10.300+00:00,1.934,2.000,1.6425,1.6273,47.7,45.1
2026-07-20T09:01:10.400+00:00,1.999,2.000,1.6470,1.6273,46.7,45.3
2026-07-20T09:01:10.500+00:00,2.054,2.000,1.6402,1.6273,45.6,46.0
2026-07-20T09:01:10.600+00:00,2.003,2.000,1.6327,1.6273,46.9,47.6
2026-07-20T09:01:10.700+00:00,2.054,2.000,1.6258,1.6273,48.0,47.2
2026-07-20T09:01:10.800+00:00,2.119,2.000,1.6288,1.6273,48.1,49.2
2026-07-20T09:01:10.900+00:00,2.082,2.000,1.6144,1.6273,51.1,49.8
2026-07-20T09:01:11.000+00:00,2.080,2.000,1.5952,1.6273,51.1,49.4
2026-07-20T09:01:11.100+00:00,2.029,2.000,1.6142,1.6273,48.1,50.1
2026-07-20T09:01:11.200+00:00,2.031,2.000,1.5860,1.6273,51.5,47.7
2026-07-20T09:01:11.300+00:00,1.985,2.000,1.5871,1.6273,49.8,49.5
2026-07-20T09:01:11.400+00:00,2.035,2.000,1.6086,1.6273,50.2,49.8
2026-07-20T09:01:11.500+00:00,1.952,2.000,1.5994,1.6273,50.2,47.8
2026-07-20T09:01:11.600+00:00,2.005,2.000,1.6041,1.6273,48.8,48.4
2026-07-20T09:01:11.700+00:00,1.849,2.000,1.6024,1.6273,48.3,47.8
2026-07-20T09:01:11.800+00:00,1.962,2.000,1.6019,1.6273,47.3,46.0
2026-07-20T09:01:11.900+00:00,1.934,2.000,1.6055,1.6273,46.9,47.0
2026-07-20T09:01:12.000+00:00,1.892,2.000,1.6211,1.6273,46.6,47.9
2026-07-20T09:01:12.100+00:00,1.941,2.000,1.6029,1.6273,45.4,45.6
2026-07-20T09:01:12.200+00:00,1.939,2.000,1.6165,1.6273,48.2,44.5
2026-07-20T09:01:12.300+00:00,1.914,2.000,1.6207,1.6273,48.2,45.6
2026-07-20T09:01:12.400+00:00,1.963,2.000,1.6370,1.6273,45.3,46.1
2026-07-20T09:01:12.500+00:00,2.045,2.000,1.6646,1.6273,45.8,47.6
2026-07-20T09:01:12.600+00:00,1.887,2.000,1.6762,3.1095,-5.9,70.3
2026-07-20T09:01:12.700+00:00,1.884,2.000,1.7319,3.1127,-6.7,70.4
2026-07-20T09:01:12.800+00:00,1.836,2.000,1.7644,3.1157,-7.8,70.3
2026-07-20T09:01:12.900+00:00,1.753,2.000,1.8075,3.1187,-4.5,71.1
2026-07-20T09:01:13.000+00:00,1.766,2.000,1.8403,3.1215,-5.7,69.2
2026-07-20T09:01:13.100+00:00,1.701,2.000,1.8635,3.1242,-5.2,70.6
2026-07-20T09:01:13.200+00:00,1.660,2.000,1.8853,3.1268,-3.5,72.4
2026-07-20T09:01:13.300+00:00,1.543,2.000,1.9414,3.1292,-4.9,71.2
2026-07-20T09:01:13.400+00:00,1.538,2.000,1.9599,3.1315,-4.2,70.5
2026-07-20T09:01:13.500+00:00,1.338,2.000,1.9975,3.1337,-3.5,69.9
2026-07-20T09:01:13.600+00:00,1.341,2.000,2.0270,3.1357,-5.5,70.2
2026-07-20T09:01:13.700+00:00,1.238,2.000,2.0513,3.1377,-7.2,68.9
2026-07-20T09:01:13.800+00:00,1.178,2.000,2.0927,3.1396,-8.1,68.2
2026-07-20T09:01:13.900+00:00,1.155,2.000,2.1180,3.1414,-7.0,68.0
2026-07-20T09:01:14.000+00:00,1.065,2.000,2.1424,-3.1401,-8.4,69.0
2026-07-20T09:01:14.100+00:00,1.020,2.000,2.1746,-3.1385,-9.3,67.8
2026-07-20T09:01:14.200+00:00,0.965,2.000,2.2126,-3.1370,-7.5,66.5
2026-07-20T09:01:14.300+00:00,1.010,2.000,2.2235,-3.1355,-7.7,68.2
2026-07-20T09:01:14.400+00:00,1.005,2.000,2.2619,-3.1341,-8.1,70.6
2026-07-20T09:01:14.500+00:00,1.064,2.000,2.3025,-3.1327,-7.2,71.0
2026-07-20T09:01:14.600+00:00,1.016,2.000,2.3373,-3.1313,-4.2,71.7
2026-07-20T09:01:14.700+00:00,1.145,2.000,2.3842,-3.1300,-5.0,76.0
2026-07-20T09:01:14.800+00:00,1.140,2.000,2.3982,-3.1288,-0.7,73.0
2026-07-20T09:01:14.900+00:00,1.133,2.000,2.4496,-3.1276,-0.1,75.5
2026-07-20T09:01:15.000+00:00,1.171,2.000,2.4958,-3.1264,0.1,77.6
2026-07-20T09:01:15.100+00:00,1.224,2.000,2.5312,-3.1252,0.3,75.8
2026-07-20T09:01:15.200+00:00,1.204,2.000,2.5625,-3.1241,2.7,78.9
2026-07-20T09:01:15.300+00:00,1.301,2.000,2.6076,-3.1230,3.8,78.5
2026-07-20T09:01:15.400+00:00,1.326,2.000,2.6432,-3.1219,2.4,78.6
2026-07-20T09:01:15.500+00:00,1.256,2.000,2.6885,-3.1209,0.8,79.3
2026-07-20T09:01:15.600+00:00,1.408,2.000,2.7251,-3.1199,1.3,77.1
2026-07-20T09:01:15.700+00:00,1.365,2.000,2.7760,-3.1190,2.6,79.2
2026-07-20T09:01:15.800+00:00,1.298,2.000,2.7941,-3.1181,1.2,76.2
2026-07-20T09:01:15.900+00:00,1.253,2.000,2.8486,-3.1172,0.9,77.8
2026-07-20T09:01:16.000+00:00,1.357,2.000,2.8764,-3.1164,3.0,79.7
2026-07-20T09:01:16.100+00:00,1.398,2.000,2.9250,-3.1157,2.9,79.3
2026-07-20T09:01:16.200+00:00,1.382,2.000,2.9551,-3.1150,4.3,77.6
2026-07-20T09:01:16.300+00:00,1.415,2.000,2.9704,-3.1144,9.6,73.5
2026-07-20T09:01:16.400+00:00,1.387,2.000,2.9940,-3.1138,15.5,71.4
2026-07-20T09:01:16.500+00:00,1.492,2.000,3.0104,-3.1133,17.9,67.1
2026-07-20T09:01:16.600+00:00,1.484,2.000,3.0416,-3.1129,21.9,66.8
2026-07-20T09:01:16.700+00:00,1.546,2.000,3.0544,-3.1125,24.6,65.8
2026-07-20T09:01:16.800+00:00,1.657,2.000,3.0496,-3.1121,29.2,61.0
2026-07-20T09:01:16.900+00:00,1.705,2.000,3.0646,-3.1118,33.9,64.7
2026-07-20T09:01:17.000+00:00,1.715,2.000,3.0588,-3.1115,33.6,61.6
2026-07-20T09:01:17.100+00:00,1.705,2.000,3.0619,-3.1112,35.7,61.4
2026-07-20T09:01:17.200+00:00,1.777,2.000,3.0849,-3.1109,36.6,58.8
2026-07-20T09:01:17.300+00:00,1.834,2.000,3.0761,-3.1107,40.9,59.2
2026-07-20T09:01:17.400+00:00,1.737,2.000,3.0810,-3.1105,38.3,58.4
2026-07-20T09:01:17.500+00:00,1.830,2.000,3.0894,-3.1104,43.0,57.0
2026-07-20T09:01:17.600+00:00,1.862,2.000,3.0990,-3.1102,41.3,54.4
2026-07-20T09:01:17.700+00:00,1.896,2.000,3.1193,-3.1101,42.5,54.3
2026-07-20T09:01:17.800+00:00,1.911,2.000,3.1023,-3.1099,41.4,48.7
2026-07-20T09:01:17.900+00:00,1.847,2.000,3.1018,-3.1098,42.5,50.8
2026-07-20T09:01:18.000+00:00,1.946,2.000,3.1304,-3.1097,40.5,49.7
2026-07-20T09:01:18.100+00:00,1.844,2.000,3.1402,-3.1096,42.3,47.2
2026-07-20T09:01:18.200+00:00,1.838,2.000,-3.1244,-3.1095,45.0,48.6
2026-07-20T09:01:18.300+00:00,1.853,2.000,-3.1189,-3.1095,43.1,47.7
2026-07-20T09:01:18.400+00:00,1.861,2.000,-3.1181,-3.1094,42.8,48.3
2026-07-20T09:01:18.500+00:00,1.929,2.000,-3.1164,-3.1094,44.4,50.5
2026-07-20T09:01:18.600+00:00,1.861,2.000,-3.1054,-3.1093,43.8,48.5
2026-07-20T09:01:18.700+00:00,1.916,2.000,-3.0954,-3.1093,46.5,51.1
2026-07-20T09:01:18.800+00:00,1.930,2.000,-3.0864,-3.1092,47.0,52.8
2026-07-20T09:01:18.900+00:00,1.864,2.000,-3.0923,-3.1092,46.3,53.1
2026-07-20T09:01:19.000+00:00,1.900,2.000,-3.0784,-3.1092,49.9,51.4
2026-07-20T09:01:19.100+00:00,1.881,2.000,-3.0673,-3.1091,48.5,50.2
2026-07-20T09:01:19.200+00:00,1.996,2.000,-3.1020,-3.1091,48.7,51.6
2026-07-20T09:01:19.300+00:00,1.970,2.000,-3.0660,-3.1091,48.5,50.7
2026-07-20T09:01:19.400+00:00,1.984,2.000,-3.0810,-3.1091,48.1,51.5
2026-07-20T09:01:19.500+00:00,1.950,2.000,-3.0904,-3.1090,47.0,51.5
2026-07-20T09:01:19.600+00:00,2.009,2.000,-3.0952,-3.1090,47.8,49.1
2026-07-20T09:01:19.700+00:00,1.996,2.000,-3.0980,-3.1090,46.4,48.7
2026-07-20T09:01:19.800+00:00,2.065,2.000,-3.1113,-3.1090,45.4,48.1
2026-07-20T09:01:19.900+00:00,2.059,2.000,-3.1071,-3.1090,46.6,47.0
2026-07-20T09:01:20.000+00:00,2.030,2.000,-3.1299,-3.1090,47.5,46.5
2026-07-20T09:01:20.100+00:00,2.002,2.000,-3.1359,-3.1090,46.0,45.9
2026-07-20T09:01:20.200+00:00,2.022,2.000,-3.1287,-3.1090,46.8,47.9
2026-07-20T09:01:20.300+00:00,1.953,2.000,-3.1281,-3.1090,44.8,46.2
2026-07-20T09:01:20.400+00:00,1.927,2.000,3.1397,-3.1090,45.6,46.0
2026-07-20T09:01:20.500+00:00,1.939,2.000,3.1362,-3.1089,48.1,47.2
2026-07-20T09:01:20.600+00:00,1.943,2.000,-3.1198,-3.1089,46.9,47.6
2026-07-20T09:01:20.700+00:00,1.942,2.000,-3.1380,-3.1089,50.4,47.1
2026-07-20T09:01:20.800+00:00,1.930,2.000,-3.1304,-3.1089,46.6,49.7
2026-07-20T09:01:20.900+00:00,1.893,2.000,-3.1233,-3.1089,49.1,47.2
2026-07-20T09:01:21.000+00:00,1.966,2.000,-3.1407,-3.1089,49.0,48.4
2026-07-20T09:01:21.100+00:00,1.922,2.000,-3.1222,-3.1089,49.3,50.9
2026-07-20T09:01:21.200+00:00,1.924,2.000,-3.1283,-3.1089,50.1,51.2
2026-07-20T09:01:21.300+00:00,1.951,2.000,-3.1009,-3.1089,50.9,49.0
2026-07-20T09:01:21.400+00:00,1.954,2.000,-3.0892,-3.1089,51.1,48.9
2026-07-20T09:01:21.500+00:00,2.034,2.000,-3.0812,-3.1089,47.9,48.6
2026-07-20T09:01:21.600+00:00,2.069,2.000,-3.0860,-3.1089,48.5,48.7
2026-07-20T09:01:21.700+00:00,2.053,2.000,-3.0810,-3.1089,46.4,47.0
2026-07-20T09:01:21.800+00:00,2.102,2.000,-3.0813,-3.1089,49.3,48.3
2026-07-20T09:01:21.900+00:00,2.092,2.000,-3.0777,-3.1089,46.0,46.6
2026-07-20T09:01:22.000+00:00,2.024,2.000,-3.0855,-3.1089,46.7,46.6
2026-07-20T09:01:22.100+00:00,2.082,2.000,-3.0717,-3.1089,46.4,46.8
2026-07-20T09:01:22.200+00:00,2.068,2.000,-3.0788,-3.1089,45.1,46.5
2026-07-20T09:01:22.300+00:00,2.016,2.000,-3.0746,-3.1089,46.1,45.4
2026-07-20T09:01:22.400+00:00,1.982,2.000,-3.0883,-3.1089,47.9,47.7
2026-07-20T09:01:22.500+00:00,2.072,2.000,-3.0834,-3.1089,46.6,50.5
2026-07-20T09:01:22.600+00:00,1.992,2.000,-3.0954,-3.1089,46.9,47.9
2026-07-20T09:01:22.700+00:00,1.961,2.000,-3.0920,-3.1089,50.2,48.3
2026-07-20T09:01:22.800+00:00,1.917,2.000,-3.1033,-3.1089,49.1,48.5
2026-07-20T09:01:22.900+00:00,1.910,2.000,-3.1175,-3.1089,52.4,48.9
2026-07-20T09:01:23.000+00:00,1.906,2.000,-3.1312,-3.1089,49.6,50.3
2026-07-20T09:01:23.100+00:00,1.953,2.000,-3.1196,-3.1089,49.1,50.3
2026-07-20T09:01:23.200+00:00,1.912,2.000,-3.1374,-3.1089,48.9,48.6
2026-07-20T09:01:23.300+00:00,1.967,2.000,-3.1249,-3.1089,51.1,49.9
2026-07-20T09:01:23.400+00:00,1.895,2.000,-3.1307,-3.1089,50.6,49.8
2026-07-20T09:01:23.500+00:00,1.987,2.000,-3.1341,-3.1089,48.0,47.4
2026-07-20T09:01:23.600+00:00,2.013,2.000,3.1366,-3.1089,49.4,46.9
2026-07-20T09:01:23.700+00:00,1.988,2.000,3.1348,-3.1089,47.5,46.3
2026-07-20T09:01:23.800+00:00,2.003,2.000,3.1329,-3.1089,47.5,45.9
2026-07-20T09:01:23.900+00:00,2.085,2.000,-3.1358,-3.1089,45.2,46.6
2026-07-20T09:01:24.000+00:00,2.046,2.000,-3.1216,-3.1089,45.7,47.8
2026-07-20T09:01:24.100+00:00,2.106,2.000,-3.1281,-3.1089,46.6,45.7
2026-07-20T09:01:24.200+00:00,2.081,2.000,-3.1153,-3.1089,47.2,45.3
2026-07-20T09:01:24.300+00:00,2.064,2.000,-3.1129,-3.1089,47.0,44.9
2026-07-20T09:01:24.400+00:00,2.074,2.000,-3.0978,-3.1089,44.8,47.9
2026-07-20T09:01:24.500+00:00,2.079,2.000,-3.0808,-3.1089,48.6,47.0
2026-07-20T09:01:24.600+00:00,1.963,2.000,-3.1088,-3.1089,47.7,46.7
2026-07-20T09:01:24.700+00:00,2.006,2.000,-3.0968,-3.1089,48.8,46.3
2026-07-20T09:01:24.800+00:00,2.041,2.000,-3.0882,-3.1089,47.4,49.7
2026-07-20T09:01:24.900+00:00,1.989,2.000,-3.0850,-3.1089,50.5,50.1
2026-07-20T09:01:25.000+00:00,1.913,2.000,-3.0706,-3.1089,51.0,48.6
2026-07-20T09:01:25.100+00:00,1.950,2.000,-3.0753,-3.1089,50.5,50.3
2026-07-20T09:01:25.200+00:00,1.885,2.000,-3.0852,-3.1089,51.0,50.2
2026-07-20T09:01:25.300+00:00,1.928,2.000,-3.0695,-3.1089,48.2,51.1
2026-07-20T09:01:25.400+00:00,1.945,2.000,-3.0857,-3.1089,48.8,51.6
2026-07-20T09:01:25.500+00:00,1.929,2.000,-3.0942,-3.1089,49.3,47.8
2026-07-20T09:01:25.600+00:00,2.010,2.000,-3.0887,-3.1089,48.0,49.1
2026-07-20T09:01:25.700+00:00,1.969,2.000,-3.1214,-3.1089,47.6,47.0
2026-07-20T09:01:25.800+00:00,1.978,2.000,-3.0942,-3.1089,47.1,46.9
2026-07-20T09:01:25.900+00:00,1.970,2.000,-3.1268,-3.1089,48.0,44.3
2026-07-20T09:01:26.000+00:00,2.014,2.000,-3.1232,-3.1089,48.5,47.3
2026-07-20T09:01:26.100+00:00,2.091,2.000,-3.1275,-3.1089,45.2,47.3
2026-07-20T09:01:26.200+00:00,2.096,2.000,-3.1400,-3.1089,45.5,44.8
2026-07-20T09:01:26.300+00:00,2.076,2.000,-3.1348,-3.1089,45.5,46.8
2026-07-20T09:01:26.400+00:00,2.092,2.000,3.1416,-3.1089,46.9,46.3
2026-07-20T09:01:26.500+00:00,2.073,2.000,3.1403,-3.1089,47.5,49.3
2026-07-20T09:01:26.600+00:00,2.094,2.000,-3.1320,-3.1089,51.1,48.0
2026-07-20T09:01:26.700+00:00,2.072,2.000,-3.1358,-3.1089,46.8,47.5
2026-07-20T09:01:26.800+00:00,2.054,2.000,3.1402,-3.1089,48.4,48.8
2026-07-20T09:01:26.900+00:00,2.043,2.000,-3.1263,-3.1089,49.0,48.4
2026-07-20T09:01:27.000+00:00,2.020,2.000,-3.1220,-3.1089,47.7,49.3
2026-07-20T09:01:27.100+00:00,2.001,2.000,-3.1256,-3.1089,51.0,50.3
2026-07-20T09:01:27.200+00:00,1.959,2.000,-3.1162,-3.1089,49.2,49.7
2026-07-20T09:01:27.300+00:00,1.942,2.000,-3.1150,-3.1089,47.6,49.4
2026-07-20T09:01:27.400+00:00,1.924,2.000,-3.1082,-3.1089,49.3,50.2
2026-07-20T09:01:27.500+00:00,1.873,2.000,-3.1116,-3.1089,48.7,50.1
2026-07-20T09:01:27.600+00:00,1.959,2.000,-3.0813,-3.1089,46.8,48.3
2026-07-20T09:01:27.700+00:00,1.945,2.000,-3.0882,-3.1089,48.6,46.9
2026-07-20T09:01:27.800+00:00,1.966,2.000,-3.0850,-3.1089,48.3,46.4
2026-07-20T09:01:27.900+00:00,1.872,2.000,-3.0848,-3.1089,46.1,46.2
2026-07-20T09:01:28.000+00:00,1.991,2.000,-3.0880,-3.1089,46.3,43.7
2026-07-20T09:01:28.100+00:00,1.972,2.000,-3.0758,-3.1089,46.7,44.6
2026-07-20T09:01:28.200+00:00,2.014,2.000,-3.0774,-3.1089,46.4,46.1
2026-07-20T09:01:28.300+00:00,1.988,2.000,-3.0811,-3.1089,44.3,45.4
2026-07-20T09:01:28.400+00:00,2.034,2.000,-3.0816,-3.1089,47.2,46.1
2026-07-20T09:01:28.500+00:00,2.056,2.000,-3.0936,-3.1089,47.1,47.2
2026-07-20T09:01:28.600+00:00,2.046,2.000,-3.0736,-3.1089,47.3,47.9
2026-07-20T09:01:28.700+00:00,2.051,2.000,-3.0958,-3.1089,46.2,47.4
2026-07-20T09:01:28.800+00:00,2.002,2.000,-3.1111,-3.1089,47.7,47.4
2026-07-20T09:01:28.900+00:00,2.072,2.000,-3.1031,-3.1089,48.1,48.9
2026-07-20T09:01:29.000+00:00,2.018,2.000,-3.1308,-3.1089,50.1,50.6
2026-07-20T09:01:29.100+00:00,2.054,2.000,-3.1271,-3.1089,48.1,48.4
2026-07-20T09:01:29.200+00:00,2.056,2.000,-3.1204,-3.1089,50.6,50.0
2026-07-20T09:01:29.300+00:00,1.907,2.000,3.1325,-3.1089,50.0,49.5
2026-07-20T09:01:29.400+00:00,1.963,2.000,3.1380,-3.1089,49.7,50.7
2026-07-20T09:01:29.500+00:00,1.989,2.000,-3.1372,-3.1089,49.2,49.0
2026-07-20T09:01:29.600+00:00,1.901,2.000,-3.1307,-3.1089,52.0,49.0
2026-07-20T09:01:29.700+00:00,1.949,2.000,-3.1369,-3.1089,50.2,48.9
2026-07-20T09:01:29.800+00:00,1.980,2.000,3.1300,-3.1089,46.9,47.5
2026-07-20T09:01:29.900+00:00,1.955,2.000,3.1352,-3.1089,46.0,46.9
2026-07-20T09:01:30.000+00:00,2.015,2.000,-3.1357,-3.1089,48.7,46.4
2026-07-20T09:01:30.100+00:00,1.950,2.000,-3.1280,-3.1089,47.4,45.7
2026-07-20T09:01:30.200+00:00,2.015,2.000,-3.1268,-3.1089,45.4,46.0
2026-07-20T09:01:30.300+00:00,2.025,2.000,-3.1309,-3.1089,48.4,47.0
2026-07-20T09:01:30.400+00:00,1.990,2.000,-3.0979,-3.1089,46.7,45.3
2026-07-20T09:01:30.500+00:00,2.065,2.000,-3.1061,-3.1089,47.0,45.2
2026-07-20T09:01:30.600+00:00,2.004,2.000,-3.1093,-3.1089,48.0,49.9
2026-07-20T09:01:30.700+00:00,1.997,2.000,-3.0802,-3.1089,49.7,49.2
2026-07-20T09:01:30.800+00:00,2.059,2.000,-3.1004,-3.1089,50.0,49.3
2026-07-20T09:01:30.900+00:00,2.091,2.000,-3.0942,-3.1089,46.6,48.9
2026-07-20T09:01:31.000+00:00,2.065,2.000,-3.0698,-3.1089,49.0,50.7
2026-07-20T09:01:31.100+00:00,2.099,2.000,-3.0695,-3.1089,51.0,51.2
2026-07-20T09:01:31.200+00:00,2.048,2.000,-3.0711,-3.1089,50.1,49.7
2026-07-20T09:01:31.300+00:00,1.988,2.000,-3.0890,-3.1089,49.6,50.2
2026-07-20T09:01:31.400+00:00,2.000,2.000,-3.0680,-3.1089,50.8,50.9
2026-07-20T09:01:31.500+00:00,2.003,2.000,-3.0860,-3.1089,48.9,50.7
2026-07-20T09:01:31.600+00:00,1.922,2.000,-3.0829,-3.1089,48.8,50.6
2026-07-20T09:01:31.700+00:00,1.964,2.000,-3.0954,-3.1089,48.6,46.7
2026-07-20T09:01:31.800+00:00,1.889,2.000,-3.0953,-3.1089,46.6,48.6
2026-07-20T09:01:31.900+00:00,1.920,2.000,-3.1031,-3.1089,47.3,46.7
2026-07-20T09:01:32.000+00:00,1.953,2.000,-3.1126,-3.1089,45.5,46.4
2026-07-20T09:01:32.100+00:00,1.880,2.000,-3.1217,-3.1089,45.0,48.0
2026-07-20T09:01:32.200+00:00,1.899,2.000,-3.1216,-3.1089,44.2,45.9
2026-07-20T09:01:32.300+00:00,1.953,2.000,-3.1165,-3.1089,47.7,46.5
2026-07-20T09:01:32.400+00:00,1.930,2.000,-3.1303,-3.1089,47.5,46.0
2026-07-20T09:01:32.500+00:00,1.968,2.000,-3.1301,-3.1089,47.1,47.3
2026-07-20T09:01:32.600+00:00,2.030,2.000,-3.1410,-3.1089,47.1,46.6
2026-07-20T09:01:32.700+00:00,2.071,2.000,-3.1263,-3.1089,47.1,48.7
2026-07-20T09:01:32.800+00:00,2.008,2.000,3.1371,-3.1089,49.9,46.6
2026-07-20T09:01:32.900+00:00,2.053,2.000,-3.1296,-3.1089,48.9,49.7
2026-07-20T09:01:33.000+00:00,2.039,2.000,-3.1293,-3.1089,50.5,49.8
2026-07-20T09:01:33.100+00:00,2.064,2.000,-3.1411,-3.1089,51.6,51.9
2026-07-20T09:01:33.200+00:00,2.024,2.000,-3.1186,-3.1089,50.6,51.0
2026-07-20T09:01:33.300+00:00,2.084,2.000,-3.1126,-3.1089,50.3,49.8
2026-07-20T09:01:33.400+00:00,1.976,2.000,-3.1179,-3.1089,50.0,49.8
2026-07-20T09:01:33.500+00:00,1.979,2.000,-3.1012,-3.1089,49.9,51.6
2026-07-20T09:01:33.600+00:00,2.004,2.000,-3.0990,-3.1089,49.0,51.0
2026-07-20T09:01:33.700+00:00,1.994,2.000,-3.1027,-3.1089,47.0,47.3
2026-07-20T09:01:33.800+00:00,2.015,2.000,-3.0888,-3.1089,49.5,47.9
2026-07-20T09:01:33.900+00:00,2.039,2.000,-3.0872,-3.1089,46.3,46.1
2026-07-20T09:01:34.000+00:00,1.988,2.000,-3.0960,-3.1089,47.5,49.3
2026-07-20T09:01:34.100+00:00,1.983,2.000,-3.0905,-3.1089,46.2,47.1
2026-07-20T09:01:34.200+00:00,1.981,2.000,-3.0919,-3.1089,46.9,46.0
2026-07-20T09:01:34.300+00:00,1.907,2.000,-3.0723,-3.1089,45.4,45.6
2026-07-20T09:01:34.400+00:00,1.973,2.000,-3.0959,-3.1089,47.8,45.6
2026-07-20T09:01:34.500+00:00,1.946,2.000,-3.0798,-3.1089,47.2,46.1
2026-07-20T09:01:34.600+00:00,2.009,2.000,-3.0947,-3.1089,47.3,49.8
2026-07-20T09:01:34.700+00:00,1.959,2.000,-3.0917,-3.1089,49.5,48.8
2026-07-20T09:01:34.800+00:00,2.053,2.000,-3.0916,-3.1089,47.9,48.5
2026-07-20T09:01:34.900+00:00,1.985,2.000,-3.1057,-3.1089,48.9,50.8
2026-07-20T09:01:35.000+00:00,2.000,2.000,-3.1086,-3.1089,47.8,51.6
2026-07-20T09:01:35.100+00:00,2.037,2.000,-3.1179,-3.1089,49.6,48.1
2026-07-20T09:01:35.200+00:00,2.054,2.000,-3.1108,-3.1089,51.6,50.1
2026-07-20T09:01:35.300+00:00,2.079,2.000,-3.1162,-3.1089,50.9,50.8
2026-07-20T09:01:35.400+00:00,2.079,2.000,-3.1278,-3.1089,49.3,51.9
2026-07-20T09:01:35.500+00:00,2.059,2.000,3.1385,-3.1089,49.2,49.6
2026-07-20T09:01:35.600+00:00,2.057,2.000,3.1402,-3.1089,48.4,46.7
2026-07-20T09:01:35.700+00:00,1.991,2.000,-3.1402,-3.1089,45.9,48.1
2026-07-20T09:01:35.800+00:00,2.029,2.000,-3.1357,-3.1089,48.0,45.0
2026-07-20T09:01:35.900+00:00,2.060,2.000,3.1329,-3.1089,45.5,47.5
2026-07-20T09:01:36.000+00:00,1.975,2.000,-3.1415,-3.1089,45.6,47.0
2026-07-20T09:01:36.100+00:00,1.939,2.000,-3.1303,-3.1089,44.8,46.4
2026-07-20T09:01:36.200+00:00,1.957,2.000,-3.1371,-3.1089,49.2,47.6
2026-07-20T09:01:36.300+00:00,1.930,2.000,-3.1145,-3.1089,43.8,44.5
2026-07-20T09:01:36.400+00:00,1.902,2.000,-3.1034,-3.1089,45.6,46.2
2026-07-20T09:01:36.500+00:00,1.889,2.000,-3.1174,-3.1089,46.8,45.8
2026-07-20T09:01:36.600+00:00,1.913,2.000,-3.1081,-3.1089,48.0,47.1
2026-07-20T09:01:36.700+00:00,1.973,2.000,-3.0971,-3.1089,47.9,47.7
2026-07-20T09:01:36.800+00:00,1.992,2.000,-3.0858,-3.1089,48.5,48.7
2026-07-20T09:01:36.900+00:00,1.957,2.000,-3.0920,-3.1089,50.1,49.7
2026-07-20T09:01:37.000+00:00,2.017,2.000,-3.0775,-3.1089,49.7,50.5
2026-07-20T09:01:37.100+00:00,2.058,2.000,-3.0707,-3.1089,49.8,51.6
2026-07-20T09:01:37.200+00:00,2.065,2.000,-3.0756,-3.1089,50.3,50.3
2026-07-20T09:01:37.300+00:00,2.081,2.000,-3.0841,-3.1089,53.3,49.4
2026-07-20T09:01:37.400+00:00,2.050,2.000,-3.0785,-3.1089,49.0,51.5
2026-07-20T09:01:37.500+00:00,2.053,2.000,-3.0877,-3.1089,47.2,48.2
2026-07-20T09:01:37.600+00:00,2.090,2.000,-3.1005,-3.1089,51.9,48.1
2026-07-20T09:01:37.700+00:00,2.093,2.000,-3.1050,-3.1089,47.1,49.5
2026-07-20T09:01:37.800+00:00,2.027,2.000,-3.0986,-3.1089,47.1,48.3
2026-07-20T09:01:37.900+00:00,2.016,2.000,-3.1043,-3.1089,46.6,45.3
2026-07-20T09:01:38.000+00:00,1.952,2.000,-3.1053,-3.1089,45.8,47.3
2026-07-20T09:01:38.100+00:00,2.016,2.000,-3.1126,-3.1089,46.0,47.5
2026-07-20T09:01:38.200+00:00,1.991,2.000,-3.1133,-3.1089,47.1,46.9
2026-07-20T09:01:38.300+00:00,1.911,2.000,-3.1309,-3.1089,46.6,46.8
2026-07-20T09:01:38.400+00:00,1.912,2.000,-3.1224,-3.1089,45.3,47.0
2026-07-20T09:01:38.500+00:00,1.869,2.000,-3.1365,-3.1089,47.3,44.6
2026-07-20T09:01:38.600+00:00,1.978,2.000,3.1363,-3.1089,49.6,46.0
2026-07-20T09:01:38.700+00:00,1.933,2.000,3.1402,-3.1089,50.2,47.4
2026-07-20T09:01:38.800+00:00,1.992,2.000,3.1388,-3.1089,48.2,49.5
2026-07-20T09:01:38.900+00:00,1.943,2.000,3.1313,-3.1089,47.2,47.9
2026-07-20T09:01:39.000+00:00,1.963,2.000,-3.1292,-3.1089,49.3,48.7
2026-07-20T09:01:39.100+00:00,1.994,2.000,-3.1348,-3.1089,51.1,46.8
2026-07-20T09:01:39.200+00:00,2.008,2.000,-3.1354,-3.1089,49.9,50.5
2026-07-20T09:01:39.300+00:00,2.011,2.000,-3.1203,-3.1089,49.3,49.6
2026-07-20T09:01:39.400+00:00,2.014,2.000,-3.1065,-3.1089,49.5,49.8
2026-07-20T09:01:39.500+00:00,2.044,2.000,-3.0964,-3.1089,50.3,50.6
2026-07-20T09:01:39.600+00:00,2.057,2.000,-3.1041,-3.1089,48.2,48.3
2026-07-20T09:01:39.700+00:00,2.078,2.000,-3.0899,-3.1089,48.3,46.6
2026-07-20T09:01:39.800+00:00,2.144,2.000,-3.1000,-3.1089,47.1,46.4
2026-07-20T09:01:39.900+00:00,2.073,2.000,-3.0740,-3.1089,47.5,46.6
2026-07-20T09:01:40.000+00:00,2.046,2.000,-3.0852,-3.1089,44.7,46.3
2026-07-20T09:01:40.100+00:00,2.102,2.000,-3.0770,-3.1089,46.2,43.3
2026-07-20T09:01:40.200+00:00,2.115,2.000,-3.0787,-3.1089,47.0,45.0
2026-07-20T09:01:40.300+00:00,1.974,2.000,-3.0724,-3.1089,44.5,45.7
2026-07-20T09:01:40.400+00:00,1.914,2.000,-3.0777,-3.1089,45.0,46.4
2026-07-20T09:01:40.500+00:00,1.976,2.000,-3.0844,-3.1089,45.4,47.7
2026-07-20T09:01:40.600+00:00,2.005,2.000,-3.0947,-3.1089,45.4,46.1
2026-07-20T09:01:40.700+00:00,1.995,2.000,-3.0853,-3.1089,48.4,48.7
2026-07-20T09:01:40.800+00:00,1.895,2.000,-3.0942,-3.1089,48.1,47.2
2026-07-20T09:01:40.900+00:00,1.945,2.000,-3.1115,-3.1089,47.9,49.6
2026-07-20T09:01:41.000+00:00,1.946,2.000,-3.1181,-3.1089,49.1,51.3
2026-07-20T09:01:41.100+00:00,1.990,2.000,-3.1104,-3.1089,49.0,50.0
2026-07-20T09:01:41.200+00:00,1.947,2.000,-3.1281,-3.1089,49.7,49.1
2026-07-20T09:01:41.300+00:00,1.929,2.000,-3.1360,-3.1089,47.1,48.6
2026-07-20T09:01:41.400+00:00,1.942,2.000,-3.1251,-3.1089,48.0,51.7
2026-07-20T09:01:41.500+00:00,2.029,2.000,-3.1403,-3.1089,49.9,49.9
2026-07-20T09:01:41.600+00:00,2.028,2.000,3.1320,-3.1089,46.6,51.5
2026-07-20T09:01:41.700+00:00,2.015,2.000,3.1295,-3.1089,46.7,46.2
2026-07-20T09:01:41.800+00:00,2.147,2.000,-3.1285,-3.1089,46.8,45.8
2026-07-20T09:01:41.900+00:00,2.060,2.000,3.1242,-3.1089,46.4,46.0
2026-07-20T09:01:42.000+00:00,2.083,2.000,-3.1355,-3.1089,46.8,46.0
2026-07-20T09:01:42.100+00:00,2.088,2.000,3.1395,-3.1089,46.1,47.2
2026-07-20T09:01:42.200+00:00,2.005,2.000,-3.1228,-3.1089,44.3,45.1
2026-07-20T09:01:42.300+00:00,2.067,2.000,-3.1336,-3.1089,46.5,47.4
2026-07-20T09:01:42.400+00:00,2.031,2.000,-3.1149,-3.1089,47.8,47.0
2026-07-20T09:01:42.500+00:00,2.056,2.000,-3.1114,-3.1089,47.0,46.5
2026-07-20T09:01:42.600+00:00,2.009,2.000,-3.1128,-3.1089,48.9,47.4
2026-07-20T09:01:42.700+00:00,1.897,2.000,-3.0878,-3.1089,48.0,48.0
2026-07-20T09:01:42.800+00:00,2.034,2.000,-3.0996,-3.1089,48.6,48.2
2026-07-20T09:01:42.900+00:00,1.868,2.000,-3.0877,-3.1089,48.3,50.4
2026-07-20T09:01:43.000+00:00,1.903,2.000,-3.0891,-3.1089,51.2,51.2
2026-07-20T09:01:43.100+00:00,1.914,2.000,-3.0758,-3.1089,49.6,48.9
2026-07-20T09:01:43.200+00:00,1.898,2.000,-3.0869,-3.1089,49.3,48.8
2026-07-20T09:01:43.300+00:00,1.951,2.000,-3.0911,-3.1089,50.2,51.9
2026-07-20T09:01:43.400+00:00,1.968,2.000,-3.0839,-3.1089,50.0,49.3
2026-07-20T09:01:43.500+00:00,2.002,2.000,-3.0735,-3.1089,49.5,48.8
2026-07-20T09:01:43.600+00:00,1.946,2.000,-3.0863,-3.1089,47.6,47.8
2026-07-20T09:01:43.700+00:00,2.029,2.000,-3.0972,-3.1089,49.4,46.9
2026-07-20T09:01:43.800+00:00,1.996,2.000,-3.0901,-3.1089,47.0,46.5
2026-07-20T09:01:43.900+00:00,2.024,2.000,-3.0932,-3.1089,48.0,46.5
2026-07-20T09:01:44.000+00:00,2.017,2.000,-3.1105,-3.1089,46.7,47.4
2026-07-20T09:01:44.100+00:00,2.146,2.000,-3.1089,-3.1089,47.8,45.7
2026-07-20T09:01:44.200+00:00,2.086,2.000,-3.1205,-3.1089,45.0,47.4
2026-07-20T09:01:44.300+00:00,2.025,,-3.1206,,0.3,0.9
2026-07-20T09:01:44.400+00:00,1.954,,-3.1276,,0.8,0.5
2026-07-20T09:01:44.500+00:00,1.894,,-3.1364,,0.1,0.2
2026-07-20T09:01:44.600+00:00,1.773,,3.1343,,-0.4,-0.5
2026-07-20T09:01:44.700+00:00,1.781,,3.1382,,-0.1,0.1
2026-07-20T09:01:44.800+00:00,1.672,,3.1322,,0.3,0.3
2026-07-20T09:01:44.900+00:00,1.625,,3.1370,,1.1,-0.0
2026-07-20T09:01:45.000+00:00,1.547,,3.1390,,0.0,-0.1
2026-07-20T09:01:45.100+00:00,1.440,,-3.1355,,-0.5,-0.1
2026-07-20T09:01:45.200+00:00,1.413,,-3.1325,,-0.1,0.0
2026-07-20T09:01:45.300+00:00,1.377,,-3.1183,,0.2,-0.3
2026-07-20T09:01:45.400+00:00,1.346,,-3.1153,,0.4,0.4
2026-07-20T09:01:45.500+00:00,1.288,,-3.1088,,0.1,0.5
2026-07-20T09:01:45.600+00:00,1.232,,-3.1132,,0.1,0.2
2026-07-20T09:01:45.700+00:00,1.218,,-3.1083,,-0.0,-1.1
2026-07-20T09:01:45.800+00:00,1.184,,-3.0969,,-0.1,0.7
2026-07-20T09:01:45.900+00:00,1.130,,-3.1001,,-1.3,-0.2
2026-07-20T09:01:46.000+00:00,1.110,,-3.0883,,0.6,0.4
2026-07-20T09:01:46.100+00:00,1.082,,-3.0805,,0.5,-0.0
2026-07-20T09:01:46.200+00:00,0.998,,-3.0859,,-0.2,0.4
2026-07-20T09:01:46.300+00:00,1.019,,-3.0577,,-0.4,-0.6
2026-07-20T09:01:46.400+00:00,0.908,,-3.0729,,0.3,0.4
2026-07-20T09:01:46.500+00:00,0.910,,-3.0755,,0.3,0.1
2026-07-20T09:01:46.600+00:00,0.925,,-3.0889,,-0.2,0.4
2026-07-20T09:01:46.700+00:00,0.842,,-3.1071,,0.7,0.0
2026-07-20T09:01:46.800+00:00,0.751,,-3.0861,,-0.3,0.3
2026-07-20T09:01:46.900+00:00,0.641,,-3.1037,,0.6,0.5
2026-07-20T09:01:47.000+00:00,0.567,,-3.1090,,-0.3,0.4
2026-07-20T09:01:47.100+00:00,0.536,,-3.1181,,0.4,-0.0
2026-07-20T09:01:47.200+00:00,0.446,,-3.1070,,-0.1,-0.5
2026-07-20T09:01:47.300+00:00,0.366,,-3.1131,,0.2,-0.0
2026-07-20T09:01:47.400+00:00,0.313,,-3.1367,,0.7,0.1
2026-07-20T09:01:47.500+00:00,0.291,,-3.1412,,-0.1,1.7
2026-07-20T09:01:47.600+00:00,0.218,,-3.1337,,0.7,-0.9
2026-07-20T09:01:47.700+00:00,0.259,,-3.1380,,-0.1,-0.9
2026-07-20T09:01:47.800+00:00,0.202,,3.1396,,0.2,-0.4
2026-07-20T09:01:47.900+00:00,0.097,,3.1370,,0.2,0.7
2026-07-20T09:01:48.000+00:00,0.101,,-3.1296,,-0.7,-0.7
2026-07-20T09:01:48.100+00:00,0.008,,-3.1316,,-0.1,0.2
2026-07-20T09:01:48.200+00:00,0.000,,3.1408,,-0.0,0.3
2026-07-20T09:01:48.300+00:00,0.063,,-3.1184,,0.0,-0.4
2026-07-20T09:01:48.400+00:00,0.111,,-3.1194,,35.2,39.2
2026-07-20T09:01:48.500+00:00,0.180,,-3.1102,,35.6,38.3
2026-07-20T09:01:48.600+00:00,0.358,,-3.0858,,33.0,38.2
2026-07-20T09:01:48.700+00:00,0.321,,-3.0515,,31.3,40.5
2026-07-20T09:01:48.800+00:00,0.412,,-3.0280,,32.7,35.6
2026-07-20T09:01:48.900+00:00,0.394,,-3.0079,,31.8,34.5
2026-07-20T09:01:49.000+00:00,0.468,,-3.0199,,29.9,34.1
2026-07-20T09:01:49.100+00:00,0.558,,-2.9814,,33.1,37.0
2026-07-20T09:01:49.200+00:00,0.537,,-2.9713,,32.8,37.2
2026-07-20T09:01:49.300+00:00,0.537,,-2.9575,,32.2,38.1
2026-07-20T09:01:49.400+00:00,0.594,,-2.9466,,33.6,39.6
2026-07-20T09:01:49.500+00:00,0.552,,-2.9197,,34.8,40.4
2026-07-20T09:01:49.600+00:00,0.545,,-2.8966,,32.1,40.9
2026-07-20T09:01:49.700+00:00,0.680,,-2.9133,,32.8,42.3
2026-07-20T09:01:49.800+00:00,0.665,,-2.8992,,33.1,43.7
2026-07-20T09:01:49.900+00:00,0.693,,-2.8921,,35.6,42.5
2026-07-20T09:01:50.000+00:00,0.730,,-2.8976,,36.0,41.3
2026-07-20T09:01:50.100+00:00,0.719,,-2.9005,,36.8,42.8
2026-07-20T09:01:50.200+00:00,0.802,,-2.8840,,35.9,45.2
2026-07-20T09:01:50.300+00:00,0.809,,-2.8825,,37.7,40.2
2026-07-20T09:01:50.400+00:00,0.896,,-2.8808,,34.4,44.5
2026-07-20T09:01:50.500+00:00,0.884,,-2.8538,,37.2,44.1
2026-07-20T09:01:50.600+00:00,0.958,,-2.8632,,35.4,41.3
2026-07-20T09:01:50.700+00:00,0.965,,-2.8571,,37.6,41.2
2026-07-20T09:01:50.800+00:00,0.935,,-2.8510,,35.8,43.6
2026-07-20T09:01:50.900+00:00,0.973,,-2.8249,,35.7,39.7
2026-07-20T09:01:51.000+00:00,0.960,,-2.8187,,35.9,35.6
2026-07-20T09:01:51.100+00:00,0.978,,-2.7942,,32.4,41.3
2026-07-20T09:01:51.200+00:00,0.966,,-2.7919,,32.2,38.8
2026-07-20T09:01:51.300+00:00,0.927,,-2.7731,,30.5,39.6
2026-07-20T09:01:51.400+00:00,0.988,,-2.7512,,31.0,36.3
2026-07-20T09:01:51.500+00:00,0.955,,-2.7192,,30.4,38.7
2026-07-20T09:01:51.600+00:00,0.930,,-2.7217,,31.0,37.0
2026-07-20T09:01:51.700+00:00,1.017,,-2.6947,,31.6,33.5
2026-07-20T09:01:51.800+00:00,0.940,,-2.6758,,31.4,37.7
2026-07-20T09:01:51.900+00:00,0.938,,-2.6610,,32.8,36.9
2026-07-20T09:01:52.000+00:00,1.051,,-2.6518,,31.3,38.4
2026-07-20T09:01:52.100+00:00,0.959,,-2.6403,,31.7,38.2
2026-07-20T09:01:52.200+00:00,0.987,,-2.6029,,34.7,36.9
2026-07-20T09:01:52.300+00:00,0.948,,-2.5821,,36.9,41.8
2026-07-20T09:01:52.400+00:00,0.982,,-2.5805,,35.5,40.2
2026-07-20T09:01:52.500+00:00,1.027,,-2.5740,,32.9,43.2
2026-07-20T09:01:52.600+00:00,1.042,,-2.5650,,35.6,42.6
2026-07-20T09:01:52.700+00:00,1.002,,-2.5633,,37.4,43.3
2026-07-20T09:01:52.800+00:00,1.060,,-2.5496,,37.1,40.6
2026-07-20T09:01:52.900+00:00,1.089,,-2.5501,,38.2,42.4
2026-07-20T09:01:53.000+00:00,1.194,,-2.5389,,37.3,43.5
2026-07-20T09:01:53.100+00:00,1.109,,-2.5326,,33.1,44.3
2026-07-20T09:01:53.200+00:00,1.122,,-2.5200,,35.7,43.6
2026-07-20T09:01:53.300+00:00,1.101,,-2.5318,,33.5,44.7
2026-07-20T09:01:53.400+00:00,1.033,,-2.5046,,32.3,41.3
2026-07-20T09:01:53.500+00:00,1.049,,-2.5097,,36.7,41.3
2026-07-20T09:01:53.600+00:00,1.054,,-2.4938,,34.1,39.6
2026-07-20T09:01:53.700+00:00,1.081,,-2.4918,,29.9,41.8
2026-07-20T09:01:53.800+00:00,1.088,,-2.4779,,30.2,37.4
2026-07-20T09:01:53.900+00:00,1.037,,-2.4785,,31.5,37.5
2026-07-20T09:01:54.000+00:00,0.974,,-2.4646,,31.0,37.0
2026-07-20T09:01:54.100+00:00,1.066,,-2.4479,,30.9,39.2
2026-07-20T09:01:54.200+00:00,1.020,,-2.4315,,31.0,34.5
2026-07-20T09:01:54.300+00:00,1.011,,-2.3982,,32.5,35.9
2026-07-20T09:01:54.400+00:00,0.996,,-2.3950,,33.7,37.6
2026-07-20T09:01:54.500+00:00,1.088,,-2.3725,,34.1,38.5
2026-07-20T09:01:54.600+00:00,1.034,,-2.3698,,31.6,38.8
2026-07-20T09:01:54.700+00:00,1.030,,-2.3374,,33.6,36.0
2026-07-20T09:01:54.800+00:00,1.041,,-2.3210,,35.4,39.4
2026-07-20T09:01:54.900+00:00,1.148,,-2.2858,,34.7,40.7
2026-07-20T09:01:55.000+00:00,1.102,,-2.2972,,36.4,37.0
2026-07-20T09:01:55.100+00:00,1.114,,-2.2688,,36.6,39.3
2026-07-20T09:01:55.200+00:00,1.159,,-2.2492,,38.9,41.5
2026-07-20T09:01:55.300+00:00,1.153,,-2.2453,,35.0,42.7
2026-07-20T09:01:55.400+00:00,1.245,,-2.2204,,36.0,42.1
2026-07-20T09:01:55.500+00:00,1.159,,-2.2189,,37.4,42.8
2026-07-20T09:01:55.600+00:00,1.117,,-2.1940,,37.9,43.8
2026-07-20T09:01:55.700+00:00,1.112,,-2.1945,,39.5,41.7
2026-07-20T09:01:55.800+00:00,1.078,,-2.1838,,37.9,44.1
2026-07-20T09:01:55.900+00:00,1.103,,-2.1854,,34.9,41.7
2026-07-20T09:01:56.000+00:00,1.080,,-2.1666,,34.1,42.0
2026-07-20T09:01:56.100+00:00,1.058,,-2.1637,,33.1,40.5
2026-07-20T09:01:56.200+00:00,1.000,,-2.1471,,33.0,40.3
2026-07-20T09:01:56.300+00:00,0.997,,-2.1410,,30.7,38.7
2026-07-20T09:01:56.400+00:00,0.978,,-2.1477,,30.6,36.2
2026-07-20T09:01:56.500+00:00,1.011,,-2.1419,,28.9,40.4
2026-07-20T09:01:56.600+00:00,1.064,,-2.1482,,29.9,40.6
2026-07-20T09:01:56.700+00:00,1.014,,-2.1219,,29.7,38.6
2026-07-20T09:01:56.800+00:00,1.060,,-2.1213,,33.3,36.2
2026-07-20T09:01:56.900+00:00,1.118,,-2.1074,,33.0,36.8
2026-07-20T09:01:57.000+00:00,1.043,,-2.0986,,30.8,37.5
2026-07-20T09:01:57.100+00:00,1.126,,-2.0839,,34.7,35.3
2026-07-20T09:01:57.200+00:00,1.148,,-2.0700,,32.8,39.5
2026-07-20T09:01:57.300+00:00,1.165,,-2.0441,,37.3,35.5
2026-07-20T09:01:57.400+00:00,1.177,,-2.0353,,33.9,38.7
2026-07-20T09:01:57.500+00:00,1.192,,-2.0272,,37.5,39.2
2026-07-20T09:01:57.600+00:00,1.133,,-2.0155,,37.3,39.5
2026-07-20T09:01:57.700+00:00,1.203,,-2.0044,,37.0,39.0
2026-07-20T09:01:57.800+00:00,1.124,,-1.9537,,35.9,41.4
2026-07-20T09:01:57.900+00:00,1.189,,-1.9287,,37.5,42.2
2026-07-20T09:01:58.000+00:00,1.069,,-1.9197,,37.7,41.0
2026-07-20T09:01:58.100+00:00,1.086,,-1.9069,,37.2,42.7
2026-07-20T09:01:58.200+00:00,1.081,,-1.9207,,36.9,43.5
2026-07-20T09:01:58.300+00:00,1.115,,-1.8800,,35.7,43.6
2026-07-20T09:01:58.400+00:00,1.056,,-1.8566,,33.2,39.3
2026-07-20T09:01:58.500+00:00,1.060,,-1.8578,,33.3,44.0
2026-07-20T09:01:58.600+00:00,1.074,,-1.8416,,32.6,43.2
2026-07-20T09:01:58.700+00:00,1.083,,-1.8290,,29.8,41.4
2026-07-20T09:01:58.800+00:00,1.091,,-1.8177,,32.2,41.0
2026-07-20T09:01:58.900+00:00,1.079,,-1.8112,,30.8,41.3
2026-07-20T09:01:59.000+00:00,1.130,,-1.8011,,32.2,40.2
2026-07-20T09:01:59.100+00:00,1.102,,-1.8060,,30.8,39.7
2026-07-20T09:01:59.200+00:00,1.147,,-1.8092,,29.4,38.2
2026-07-20T09:01:59.300+00:00,1.191,,-1.7936,,30.7,37.2
2026-07-20T09:01:59.400+00:00,1.197,,-1.7935,,27.6,36.2
2026-07-20T09:01:59.500+00:00,1.174,,-1.7586,,30.8,37.3
2026-07-20T09:01:59.600+00:00,1.194,,-1.7748,,35.9,37.7
2026-07-20T09:01:59.700+00:00,1.197,,-1.7722,,32.8,35.5
2026-07-20T09:01:59.800+00:00,1.114,,-1.7737,,33.2,35.3
2026-07-20T09:01:59.900+00:00,1.121,,-1.7452,,30.6,35.8
2026-07-20T09:02:00.000+00:00,1.131,,-1.7404,,38.2,36.8
2026-07-20T09:02:00.100+00:00,1.136,,-1.7155,,36.4,37.0
2026-07-20T09:02:00.200+00:00,1.092,,-1.7094,,37.1,38.5
2026-07-20T09:02:00.300+00:00,1.134,,-1.7016,,37.6,38.8
2026-07-20T09:02:00.400+00:00,1.077,,-1.6755,,35.7,40.3
2026-07-20T09:02:00.500+00:00,1.029,,-1.6647,,34.3,40.3
2026-07-20T09:02:00.600+00:00,1.023,,-1.6363,,40.2,42.8
2026-07-20T09:02:00.700+00:00,1.064,,-1.6115,,38.7,40.9
2026-07-20T09:02:00.800+00:00,1.015,,-1.6267,,36.1,42.7
2026-07-20T09:02:00.900+00:00,1.077,,-1.5836,,35.1,44.0
2026-07-20T09:02:01.000+00:00,0.997,,-1.5764,,36.2,43.1
2026-07-20T09:02:01.100+00:00,1.024,,-1.5565,,32.1,41.9
2026-07-20T09:02:01.200+00:00,1.008,,-1.5461,,32.1,41.9
2026-07-20T09:02:01.300+00:00,1.089,,-1.5102,,32.2,41.4
2026-07-20T09:02:01.400+00:00,1.111,,-1.5071,,32.4,41.9
2026-07-20T09:02:01.500+00:00,1.118,,-1.4841,,32.3,40.8
2026-07-20T09:02:01.600+00:00,1.145,,-1.4982,,32.1,41.7
2026-07-20T09:02:01.700+00:00,1.139,,-1.4688,,29.9,41.0
2026-07-20T09:02:01.800+00:00,1.143,,-1.4601,,33.0,38.2
2026-07-20T09:02:01.900+00:00,1.226,,-1.4614,,33.1,38.3
2026-07-20T09:02:02.000+00:00,1.175,,-1.4471,,28.3,36.9
2026-07-20T09:02:02.100+00:00,1.152,,-1.4440,,33.5,39.4
2026-07-20T09:02:02.200+00:00,1.118,,-1.4408,,34.3,36.8
2026-07-20T09:02:02.300+00:00,1.130,,-1.4338,,38.0,33.7
2026-07-20T09:02:02.400+00:00,1.123,,-1.4302,,34.1,38.3
2026-07-20T09:02:02.500+00:00,1.102,,-1.4137,,35.5,36.9
2026-07-20T09:02:02.600+00:00,1.081,,-1.4149,,36.2,37.7
2026-07-20T09:02:02.700+00:00,1.023,,-1.3998,,35.2,35.1
2026-07-20T09:02:02.800+00:00,1.059,,-1.3900,,37.7,36.1
2026-07-20T09:02:02.900+00:00,1.017,,-1.3720,,37.2,40.1
2026-07-20T09:02:03.000+00:00,1.012,,-1.3849,,37.0,43.8
2026-07-20T09:02:03.100+00:00,1.086,,-1.3611,,38.2,40.7
2026-07-20T09:02:03.200+00:00,1.071,,-1.3584,,33.6,43.2
2026-07-20T09:02:03.300+00:00,0.951,,-1.3328,,34.7,42.5
2026-07-20T09:02:03.400+00:00,1.082,,-1.3203,,33.3,40.1
2026-07-20T09:02:03.500+00:00,1.076,,-1.3017,,33.3,44.3
2026-07-20T09:02:03.600+00:00,1.105,,-1.2906,,33.1,40.5
2026-07-20T09:02:03.700+00:00,1.114,,-1.2763,,35.3,43.8
2026-07-20T09:02:03.800+00:00,1.023,,-1.2614,,32.9,42.8
2026-07-20T09:02:03.900+00:00,1.117,,-1.2180,,31.9,44.1
2026-07-20T09:02:04.000+00:00,1.146,,-1.2138,,31.1,43.3
2026-07-20T09:02:04.100+00:00,1.202,,-1.1927,,30.3,40.1
2026-07-20T09:02:04.200+00:00,1.149,,-1.1588,,30.2,41.4
2026-07-20T09:02:04.300+00:00,1.153,,-1.1600,,31.4,40.8
2026-07-20T09:02:04.400+00:00,1.075,,-1.1449,,34.7,40.0
2026-07-20T09:02:04.500+00:00,1.096,,-1.1284,,31.7,38.5
2026-07-20T09:02:04.600+00:00,1.107,,-1.1091,,34.2,37.9
2026-07-20T09:02:04.700+00:00,1.100,,-1.1157,,35.8,35.4
2026-07-20T09:02:04.800+00:00,1.020,,-1.1142,,33.0,36.5
2026-07-20T09:02:04.900+00:00,1.044,,-1.1089,,32.3,35.8
2026-07-20T09:02:05.000+00:00,1.067,,-1.0775,,36.2,35.6
2026-07-20T09:02:05.100+00:00,1.001,,-1.0951,,36.4,38.3
2026-07-20T09:02:05.200+00:00,1.055,,-1.0681,,35.7,37.1
2026-07-20T09:02:05.300+00:00,1.023,,-1.0733,,40.0,34.7
2026-07-20T09:02:05.400+00:00,1.075,,-1.0670,,34.8,36.7
2026-07-20T09:02:05.500+00:00,1.033,,-1.0636,,34.4,39.1
2026-07-20T09:02:05.600+00:00,1.072,,-1.0467,,35.1,38.9
2026-07-20T09:02:05.700+00:00,1.059,,-1.0530,,39.1,39.6
2026-07-20T09:02:05.800+00:00,1.096,,-1.0471,,33.2,38.3
2026-07-20T09:02:05.900+00:00,1.094,,-1.0362,,35.9,41.7
2026-07-20T09:02:06.000+00:00,1.090,,-1.0117,,33.0,41.9
2026-07-20T09:02:06.100+00:00,1.135,,-1.0095,,33.7,41.5
2026-07-20T09:02:06.200+00:00,1.214,,-0.9885,,32.1,44.3
2026-07-20T09:02:06.300+00:00,1.115,,-0.9707,,30.1,41.6
2026-07-20T09:02:06.400+00:00,1.167,,-0.9671,,32.3,44.9
2026-07-20T09:02:06.500+00:00,1.152,,-0.9400,,28.0,43.1
2026-07-20T09:02:06.600+00:00,1.166,,-0.9248,,34.2,44.7
2026-07-20T09:02:06.700+00:00,1.114,,-0.8999,,30.3,42.4
2026-07-20T09:02:06.800+00:00,1.149,,-0.8950,,31.9,40.5
2026-07-20T09:02:06.900+00:00,1.116,,-0.8594,,29.2,41.5
2026-07-20T09:02:07.000+00:00,1.127,,-0.8492,,31.9,42.1
2026-07-20T09:02:07.100+00:00,1.028,,-0.8325,,31.0,41.9
2026-07-20T09:02:07.200+00:00,1.068,,-0.8069,,36.1,41.1
2026-07-20T09:02:07.300+00:00,1.011,,-0.7956,,37.2,39.7
2026-07-20T09:02:07.400+00:00,1.011,,-0.7903,,35.7,35.7
2026-07-20T09:02:07.500+00:00,0.997,,-0.7675,,36.5,36.9
2026-07-20T09:02:07.600+00:00,1.005,,-0.7640,,36.2,40.2
2026-07-20T09:02:07.700+00:00,1.051,,-0.7389,,36.8,38.4
2026-07-20T09:02:07.800+00:00,1.022,,-0.7318,,36.9,34.3
2026-07-20T09:02:07.900+00:00,1.139,,-0.7237,,37.1,33.9
2026-07-20T09:02:08.000+00:00,1.054,,-0.7210,,35.8,38.2
2026-07-20T09:02:08.100+00:00,1.088,,-0.7177,,35.4,37.9
2026-07-20T09:02:08.200+00:00,1.085,,-0.7177,,35.4,38.7
2026-07-20T09:02:08.300+00:00,1.092,,-0.7101,,36.7,34.7
2026-07-20T09:02:08.400+00:00,1.134,,-0.7069,,34.8,40.3
2026-07-20T09:02:08.500+00:00,1.140,,-0.6874,,34.7,40.4
2026-07-20T09:02:08.600+00:00,1.236,,-0.7058,,30.9,41.4
2026-07-20T09:02:08.700+00:00,1.178,,-0.6804,,31.6,42.7
2026-07-20T09:02:08.800+00:00,1.160,,-0.6894,,30.9,41.0
2026-07-20T09:02:08.900+00:00,1.188,,-0.6628,,30.8,43.6
2026-07-20T09:02:09.000+00:00,1.104,,-0.6556,,30.7,42.4
2026-07-20T09:02:09.100+00:00,1.132,,-0.6503,,31.4,40.6
2026-07-20T09:02:09.200+00:00,1.112,,-0.6455,,29.9,43.4
2026-07-20T09:02:09.300+00:00,1.033,,-0.6098,,29.3,45.3
